Geo_FIPS,Geo_GEOID,Geo_COUNTY,total_pop,asian,inc_as,med_rent
36047000100,14000US36047000100,47,4405,383,90667,1659
36047000200,14000US36047000200,47,1167,58,27083,1497
36047000301,14000US36047000301,47,3924,219,,2201
36047000501,14000US36047000501,47,4308,469,,2035
36047000502,14000US36047000502,47,2697,308,127222,2317
36047000700,14000US36047000700,47,3906,180,186607,2356
36047000900,14000US36047000900,47,4518,498,171691,3087
36047001100,14000US36047001100,47,1468,244,114000,3180
36047001300,14000US36047001300,47,1917,192,61705,2439
36047001500,14000US36047001500,47,9011,2159,42813,2805
36047001800,14000US36047001800,47,1897,57,,
36047002000,14000US36047002000,47,1412,99,,1250
36047002100,14000US36047002100,47,5106,536,173162,3501
36047002200,14000US36047002200,47,4698,502,27895,1370
36047002300,14000US36047002300,47,4219,533,18875,488
36047002901,14000US36047002901,47,4447,789,27100,655
36047003000,14000US36047003000,47,1718,229,,1517
36047003100,14000US36047003100,47,3259,694,178229,2831
36047003300,14000US36047003300,47,4202,480,172303,2768
36047003400,14000US36047003400,47,3161,796,123125,1460
36047003500,14000US36047003500,47,1907,196,152667,1771
36047003600,14000US36047003600,47,3500,640,54511,1496
36047003700,14000US36047003700,47,2250,361,199306,3198
36047003800,14000US36047003800,47,1371,278,66932,1678
36047003900,14000US36047003900,47,2262,384,,1713
36047004100,14000US36047004100,47,3654,267,,2533
36047004300,14000US36047004300,47,3727,406,174844,2259
36047004400,14000US36047004400,47,2518,253,163750,1450
36047004500,14000US36047004500,47,3385,340,148958,2468
36047004600,14000US36047004600,47,1301,115,106250,1694
36047004700,14000US36047004700,47,1877,104,,1629
36047004900,14000US36047004900,47,2612,211,114740,2486
36047005000,14000US36047005000,47,2260,218,211111,1791
36047005100,14000US36047005100,47,2744,162,73173,2696
36047005201,14000US36047005201,47,1707,335,10739,379
36047005202,14000US36047005202,47,2442,52,,1789
36047005300,14000US36047005300,47,2167,68,112000,1945
36047005400,14000US36047005400,47,3185,543,77778,1582
36047005601,14000US36047005601,47,2447,161,117596,1763
36047005602,14000US36047005602,47,1687,198,125781,1404
36047005800,14000US36047005800,47,2827,331,165938,1460
36047005900,14000US36047005900,47,1213,35,,1891
36047006000,14000US36047006000,47,3148,472,99688,1796
36047006200,14000US36047006200,47,2676,472,90179,1633
36047006300,14000US36047006300,47,1866,129,,2400
36047006400,14000US36047006400,47,3042,243,41333,1429
36047006500,14000US36047006500,47,5976,277,250001,2618
36047006600,14000US36047006600,47,3542,439,82344,1604
36047006700,14000US36047006700,47,3886,121,,2492
36047006800,14000US36047006800,47,4900,1026,52500,1428
36047006900,14000US36047006900,47,3591,188,150909,2586
36047007000,14000US36047007000,47,2538,536,138083,1490
36047007100,14000US36047007100,47,5050,226,31375,662
36047007200,14000US36047007200,47,1900,378,21149,1405
36047007400,14000US36047007400,47,5259,1418,23824,1647
36047007500,14000US36047007500,47,4969,310,250001,2386
36047007600,14000US36047007600,47,5151,719,39167,1491
36047007700,14000US36047007700,47,5159,561,177549,2296
36047007800,14000US36047007800,47,5246,709,75469,1477
36047008000,14000US36047008000,47,3615,346,52000,1627
36047008200,14000US36047008200,47,3594,473,,1426
36047008400,14000US36047008400,47,3621,258,21146,1485
36047008500,14000US36047008500,47,7793,430,14527,431
36047008600,14000US36047008600,47,0,0,,
36047008800,14000US36047008800,47,2235,465,52083,1607
36047009000,14000US36047009000,47,3000,1027,39135,1542
36047009200,14000US36047009200,47,5322,2389,35500,1299
36047009400,14000US36047009400,47,5066,3448,50795,1339
36047009600,14000US36047009600,47,6079,1589,48333,1525
36047009800,14000US36047009800,47,6479,2663,41321,1405
36047010000,14000US36047010000,47,6035,3178,56313,1287
36047010100,14000US36047010100,47,4001,488,55511,1513
36047010200,14000US36047010200,47,4698,3363,58005,1294
36047010400,14000US36047010400,47,4805,4009,42558,1284
36047010600,14000US36047010600,47,4417,3373,52582,1455
36047010800,14000US36047010800,47,3866,2658,45082,1318
36047011000,14000US36047011000,47,2662,692,56184,1607
36047011200,14000US36047011200,47,6188,1529,36250,1229
36047011400,14000US36047011400,47,3796,1139,64844,1342
36047011600,14000US36047011600,47,3594,2790,40000,1482
36047011700,14000US36047011700,47,2677,298,,1894
36047011800,14000US36047011800,47,2105,1781,50583,1449
36047011900,14000US36047011900,47,1322,56,,1928
36047012000,14000US36047012000,47,1213,958,50417,1412
36047012100,14000US36047012100,47,1962,187,150294,2369
36047012200,14000US36047012200,47,5482,2585,50469,1378
36047012600,14000US36047012600,47,2838,1000,43542,1427
36047012700,14000US36047012700,47,4318,230,185368,690
36047012801,14000US36047012801,47,2293,1481,31339,1369
36047012901,14000US36047012901,47,2387,155,134875,2487
36047012902,14000US36047012902,47,2554,162,127969,2389
36047013000,14000US36047013000,47,4615,840,105556,1445
36047013100,14000US36047013100,47,4155,416,250001,2305
36047013200,14000US36047013200,47,2372,1208,38000,1385
36047013300,14000US36047013300,47,4454,447,242014,2406
36047013400,14000US36047013400,47,4117,863,70905,1679
36047013500,14000US36047013500,47,4014,461,181023,2726
36047013600,14000US36047013600,47,3609,289,55481,1696
36047013700,14000US36047013700,47,3554,322,167938,2176
36047013800,14000US36047013800,47,3169,422,101528,1498
36047013900,14000US36047013900,47,3650,189,169125,2396
36047014000,14000US36047014000,47,1986,345,106648,1352
36047014100,14000US36047014100,47,2766,294,167917,2252
36047014200,14000US36047014200,47,3051,432,120192,1725
36047014300,14000US36047014300,47,3672,235,108750,2118
36047014500,14000US36047014500,47,3815,220,121528,1816
36047014700,14000US36047014700,47,2408,120,100000,1916
36047014800,14000US36047014800,47,1213,152,115208,1578
36047014900,14000US36047014900,47,5859,540,113313,2438
36047015000,14000US36047015000,47,1598,390,,1477
36047015100,14000US36047015100,47,4240,401,176458,2516
36047015200,14000US36047015200,47,2499,615,93650,1509
36047015300,14000US36047015300,47,2622,197,,2032
36047015400,14000US36047015400,47,11,0,,
36047015500,14000US36047015500,47,3993,99,121389,2317
36047015700,14000US36047015700,47,4111,420,,2409
36047015900,14000US36047015900,47,4804,436,171250,2583
36047016000,14000US36047016000,47,3965,835,117500,1621
36047016100,14000US36047016100,47,3595,250,171447,2220
36047016200,14000US36047016200,47,2294,60,,1598
36047016300,14000US36047016300,47,3388,148,223750,2020
36047016400,14000US36047016400,47,1264,52,,3279
36047016500,14000US36047016500,47,5919,453,,3128
36047016600,14000US36047016600,47,1791,206,135750,1455
36047016700,14000US36047016700,47,5422,328,173830,2425
36047016800,14000US36047016800,47,1905,725,108500,1174
36047016900,14000US36047016900,47,4822,433,,1966
36047017000,14000US36047017000,47,3484,1508,93906,1628
36047017100,14000US36047017100,47,4069,334,187083,2343
36047017200,14000US36047017200,47,3262,1581,98611,1466
36047017400,14000US36047017400,47,2191,767,102404,1534
36047017500,14000US36047017500,47,0,0,,
36047017600,14000US36047017600,47,2413,634,71250,1484
36047017700,14000US36047017700,47,0,0,,
36047017800,14000US36047017800,47,3073,1168,72734,1402
36047017900,14000US36047017900,47,4348,336,149500,1216
36047018000,14000US36047018000,47,3518,1433,90313,1393
36047018100,14000US36047018100,47,3691,230,96094,2114
36047018200,14000US36047018200,47,3501,1767,56406,1410
36047018300,14000US36047018300,47,2675,124,147917,2310
36047018400,14000US36047018400,47,2617,1294,63854,1566
36047018501,14000US36047018501,47,4153,206,30511,492
36047018600,14000US36047018600,47,2155,855,53333,1452
36047018700,14000US36047018700,47,1488,172,,2213
36047018800,14000US36047018800,47,2836,1097,66481,1579
36047019000,14000US36047019000,47,4763,2001,39688,1527
36047019100,14000US36047019100,47,2972,301,,2596
36047019200,14000US36047019200,47,2934,1301,50625,1236
36047019300,14000US36047019300,47,5882,683,,1149
36047019400,14000US36047019400,47,4027,1963,48244,1395
36047019500,14000US36047019500,47,3441,130,126250,2039
36047019600,14000US36047019600,47,4214,1661,53750,1416
36047019700,14000US36047019700,47,3714,243,,1869
36047019800,14000US36047019800,47,1926,801,,1538
36047019900,14000US36047019900,47,3432,144,115568,2043
36047020000,14000US36047020000,47,2417,911,53333,1503
36047020100,14000US36047020100,47,3945,195,128750,2343
36047020200,14000US36047020200,47,1963,590,66125,1641
36047020300,14000US36047020300,47,1826,183,129583,2302
36047020400,14000US36047020400,47,1837,487,77750,1873
36047020500,14000US36047020500,47,3128,491,134063,2262
36047020600,14000US36047020600,47,2311,626,129321,1484
36047020700,14000US36047020700,47,4726,190,54167,2041
36047020800,14000US36047020800,47,3092,1743,76141,1351
36047021000,14000US36047021000,47,3967,2210,41793,1408
36047021100,14000US36047021100,47,2206,88,,1069
36047021200,14000US36047021200,47,4334,2713,54453,1399
36047021300,14000US36047021300,47,4113,36,,1387
36047021400,14000US36047021400,47,2187,762,,1440
36047021500,14000US36047021500,47,5638,375,105625,1570
36047021600,14000US36047021600,47,4022,309,,1647
36047021700,14000US36047021700,47,3733,271,148000,1176
36047021800,14000US36047021800,47,3128,144,125063,1448
36047021900,14000US36047021900,47,3557,265,81125,1661
36047022000,14000US36047022000,47,4776,296,20313,1584
36047022100,14000US36047022100,47,3976,195,229167,1412
36047022200,14000US36047022200,47,4008,121,,1383
36047022400,14000US36047022400,47,5785,973,66000,1460
36047022600,14000US36047022600,47,2233,258,47448,1449
36047022700,14000US36047022700,47,3794,179,165417,1875
36047022800,14000US36047022800,47,3627,759,32447,1305
36047022900,14000US36047022900,47,3675,303,192661,2114
36047023000,14000US36047023000,47,4251,150,,1314
36047023100,14000US36047023100,47,3696,145,,1615
36047023200,14000US36047023200,47,5561,297,48144,1531
36047023300,14000US36047023300,47,5884,354,,1308
36047023400,14000US36047023400,47,4563,10,,1584
36047023500,14000US36047023500,47,4694,140,,1806
36047023600,14000US36047023600,47,5549,207,46111,1552
36047023800,14000US36047023800,47,3634,0,,1387
36047024000,14000US36047024000,47,4823,6,,1431
36047024100,14000US36047024100,47,2765,68,2499,2106
36047024200,14000US36047024200,47,2868,194,52955,1605
36047024300,14000US36047024300,47,4122,128,,1243
36047024400,14000US36047024400,47,3609,405,73542,1675
36047024500,14000US36047024500,47,4491,403,80250,1645
36047024600,14000US36047024600,47,2880,897,61591,1430
36047024700,14000US36047024700,47,2672,180,,1712
36047024800,14000US36047024800,47,2653,1137,73583,1356
36047024900,14000US36047024900,47,4018,111,,1541
36047025000,14000US36047025000,47,1853,1222,51765,1407
36047025100,14000US36047025100,47,3741,91,,1336
36047025200,14000US36047025200,47,5299,2104,62031,1422
36047025300,14000US36047025300,47,3496,156,,1680
36047025400,14000US36047025400,47,3413,1795,31442,1253
36047025500,14000US36047025500,47,5598,122,17500,515
36047025600,14000US36047025600,47,3199,2087,71130,1583
36047025700,14000US36047025700,47,2476,33,,1659
36047025800,14000US36047025800,47,4354,1723,72974,1388
36047025901,14000US36047025901,47,2257,37,,1475
36047025902,14000US36047025902,47,3533,102,,495
36047026000,14000US36047026000,47,3214,1781,47148,1416
36047026100,14000US36047026100,47,4497,113,,1503
36047026200,14000US36047026200,47,2425,1230,69028,1345
36047026300,14000US36047026300,47,2015,63,158594,1360
36047026400,14000US36047026400,47,4594,2178,58182,1375
36047026500,14000US36047026500,47,4118,92,,1400
36047026600,14000US36047026600,47,3517,2342,51225,1349
36047026700,14000US36047026700,47,4055,102,,1773
36047026800,14000US36047026800,47,3965,1483,58717,1480
36047026900,14000US36047026900,47,3147,242,141786,1636
36047027000,14000US36047027000,47,2139,633,75417,1436
36047027100,14000US36047027100,47,3103,233,131875,1491
36047027200,14000US36047027200,47,3755,1247,74412,1423
36047027300,14000US36047027300,47,3431,75,,1190
36047027400,14000US36047027400,47,3602,1419,103500,1585
36047027500,14000US36047027500,47,4438,277,101528,1828
36047027600,14000US36047027600,47,3646,1326,52708,1381
36047027700,14000US36047027700,47,4582,44,,1359
36047027800,14000US36047027800,47,3118,1505,64028,1562
36047027900,14000US36047027900,47,3660,43,14423,1460
36047028000,14000US36047028000,47,1829,771,76500,1352
36047028100,14000US36047028100,47,4764,147,110458,943
36047028200,14000US36047028200,47,3762,1972,76480,1469
36047028300,14000US36047028300,47,3863,73,,991
36047028400,14000US36047028400,47,3532,1271,63563,1421
36047028501,14000US36047028501,47,454,51,29583,1545
36047028502,14000US36047028502,47,3205,154,,548
36047028600,14000US36047028600,47,5110,1218,41555,1473
36047028700,14000US36047028700,47,3093,368,30433,1257
36047028800,14000US36047028800,47,3836,1288,49125,1456
36047028900,14000US36047028900,47,3619,113,,1180
36047029000,14000US36047029000,47,3580,917,93846,1380
36047029100,14000US36047029100,47,2991,11,,1472
36047029200,14000US36047029200,47,3033,959,47500,1577
36047029300,14000US36047029300,47,3437,186,,970
36047029400,14000US36047029400,47,2474,701,58036,1404
36047029500,14000US36047029500,47,4160,202,,1433
36047029600,14000US36047029600,47,5849,1955,91927,1597
36047029700,14000US36047029700,47,4253,56,,1706
36047029800,14000US36047029800,47,3794,1337,70417,1497
36047029900,14000US36047029900,47,2941,64,,1242
36047030000,14000US36047030000,47,4207,1947,41538,1406
36047030100,14000US36047030100,47,2963,19,,1313
36047030200,14000US36047030200,47,4448,2594,54423,1361
36047030300,14000US36047030300,47,4914,55,,926
36047030400,14000US36047030400,47,4189,1647,54688,1160
36047030500,14000US36047030500,47,6528,311,67589,2038
36047030600,14000US36047030600,47,1736,782,64565,1201
36047030700,14000US36047030700,47,5954,0,,743
36047030800,14000US36047030800,47,1980,475,88571,1014
36047030900,14000US36047030900,47,2405,119,35625,1193
36047031100,14000US36047031100,47,2924,30,,1135
36047031300,14000US36047031300,47,5055,108,,1227
36047031400,14000US36047031400,47,4978,1390,53571,1232
36047031500,14000US36047031500,47,4970,218,71493,1469
36047031701,14000US36047031701,47,3805,172,,1477
36047031702,14000US36047031702,47,3315,172,,1699
36047031900,14000US36047031900,47,3141,25,,1324
36047032100,14000US36047032100,47,5488,175,,1631
36047032300,14000US36047032300,47,3506,24,,1511
36047032500,14000US36047032500,47,6076,158,,1404
36047032600,14000US36047032600,47,6730,831,66250,592
36047032700,14000US36047032700,47,2544,100,,1277
36047032800,14000US36047032800,47,2688,810,40104,1035
36047032900,14000US36047032900,47,6105,110,,1336
36047033000,14000US36047033000,47,5006,411,,788
36047033100,14000US36047033100,47,4058,0,,1391
36047033300,14000US36047033300,47,4547,10,,1330
36047033500,14000US36047033500,47,3034,29,,1434
36047033600,14000US36047033600,47,4443,315,,1616
36047033700,14000US36047033700,47,3856,139,,1474
36047033900,14000US36047033900,47,4538,391,,1204
36047034000,14000US36047034000,47,2050,145,30341,516
36047034100,14000US36047034100,47,3056,45,,1313
36047034200,14000US36047034200,47,6064,190,21653,469
36047034300,14000US36047034300,47,5163,28,,779
36047034500,14000US36047034500,47,3108,16,,1375
36047034700,14000US36047034700,47,3350,93,74073,1184
36047034800,14000US36047034800,47,2885,666,67269,1684
36047034900,14000US36047034900,47,6145,105,,1288
36047035000,14000US36047035000,47,3124,0,,1142
36047035100,14000US36047035100,47,4650,92,,1216
36047035200,14000US36047035200,47,1254,72,,300
36047035300,14000US36047035300,47,5407,166,,1340
36047035400,14000US36047035400,47,5765,0,,973
36047035500,14000US36047035500,47,5631,0,,1308
36047035601,14000US36047035601,47,2834,0,,887
36047035602,14000US36047035602,47,5529,137,108587,1296
36047035700,14000US36047035700,47,2328,10,,1069
36047035900,14000US36047035900,47,5593,51,,1146
36047036001,14000US36047036001,47,3155,23,,968
36047036002,14000US36047036002,47,4074,81,,635
36047036100,14000US36047036100,47,2787,23,,987
36047036200,14000US36047036200,47,3855,799,51528,1441
36047036300,14000US36047036300,47,5044,25,,1203
36047036400,14000US36047036400,47,2443,399,58750,1423
36047036501,14000US36047036501,47,3417,27,,1141
36047036502,14000US36047036502,47,1415,7,,1058
36047036600,14000US36047036600,47,4268,1160,69432,1354
36047036700,14000US36047036700,47,1281,72,,1412
36047036900,14000US36047036900,47,5787,95,,1167
36047037000,14000US36047037000,47,4231,1211,86442,1440
36047037100,14000US36047037100,47,4711,67,,1461
36047037300,14000US36047037300,47,4486,99,,1554
36047037401,14000US36047037401,47,4376,451,54625,1523
36047037402,14000US36047037402,47,4937,1086,101432,1398
36047037500,14000US36047037500,47,3229,191,72917,1499
36047037700,14000US36047037700,47,4541,87,,1457
36047037900,14000US36047037900,47,4660,44,,1296
36047038100,14000US36047038100,47,5397,106,,940
36047038200,14000US36047038200,47,5740,1525,23659,432
36047038300,14000US36047038300,47,4720,463,23750,1677
36047038500,14000US36047038500,47,3963,219,115227,1568
36047038600,14000US36047038600,47,3669,1264,85074,1449
36047038700,14000US36047038700,47,3882,119,61875,1339
36047038800,14000US36047038800,47,4094,538,31327,1400
36047038900,14000US36047038900,47,2837,272,,1758
36047039000,14000US36047039000,47,2397,63,,1416
36047039100,14000US36047039100,47,3239,239,,1249
36047039200,14000US36047039200,47,2880,199,33375,1438
36047039300,14000US36047039300,47,3890,288,101776,1865
36047039400,14000US36047039400,47,2338,19,,1439
36047039500,14000US36047039500,47,3858,255,,1903
36047039600,14000US36047039600,47,2058,38,,1376
36047039700,14000US36047039700,47,3553,37,,1374
36047039800,14000US36047039800,47,2878,1353,72240,1394
36047039900,14000US36047039900,47,3873,23,,1362
36047040000,14000US36047040000,47,3003,1348,62500,1428
36047040100,14000US36047040100,47,3162,139,,1368
36047040200,14000US36047040200,47,2988,1486,67000,1380
36047040300,14000US36047040300,47,3529,82,,1801
36047040400,14000US36047040400,47,2459,1149,72125,1372
36047040500,14000US36047040500,47,1513,52,80417,1797
36047040600,14000US36047040600,47,3692,1882,66786,1384
36047040700,14000US36047040700,47,0,0,,
36047040800,14000US36047040800,47,3646,1828,80172,1384
36047040900,14000US36047040900,47,3836,23,,1463
36047041000,14000US36047041000,47,2048,609,70769,1520
36047041100,14000US36047041100,47,3034,68,,1238
36047041200,14000US36047041200,47,3328,1070,102708,1325
36047041300,14000US36047041300,47,3986,223,167639,1535
36047041401,14000US36047041401,47,1541,115,,1667
36047041402,14000US36047041402,47,1824,0,,1454
36047041500,14000US36047041500,47,4353,119,250001,1441
36047041600,14000US36047041600,47,2338,120,,1526
36047041700,14000US36047041700,47,3132,177,,1012
36047041800,14000US36047041800,47,2960,123,73750,1552
36047041900,14000US36047041900,47,3623,216,78170,1374
36047042000,14000US36047042000,47,1837,22,,2068
36047042100,14000US36047042100,47,4259,88,81176,1657
36047042200,14000US36047042200,47,3535,156,63589,1552
36047042300,14000US36047042300,47,3978,118,,2042
36047042400,14000US36047042400,47,3480,848,76429,1374
36047042500,14000US36047042500,47,3338,91,153750,1793
36047042600,14000US36047042600,47,4302,1857,59444,1249
36047042700,14000US36047042700,47,4896,263,,1535
36047042800,14000US36047042800,47,3785,1265,66000,1426
36047042900,14000US36047042900,47,5441,282,81791,1613
36047043000,14000US36047043000,47,3283,1408,37604,1376
36047043100,14000US36047043100,47,4694,304,77371,1787
36047043200,14000US36047043200,47,4341,1814,65000,1314
36047043300,14000US36047043300,47,3628,141,2499,1099
36047043400,14000US36047043400,47,3537,1387,80625,1351
36047043500,14000US36047043500,47,5115,192,101125,1724
36047043600,14000US36047043600,47,5059,1269,58315,1355
36047043700,14000US36047043700,47,5696,98,102176,1767
36047043800,14000US36047043800,47,2620,253,57917,1513
36047043900,14000US36047043900,47,3515,161,81625,1646
36047044000,14000US36047044000,47,2809,111,20917,1606
36047044100,14000US36047044100,47,5124,728,38462,1455
36047044200,14000US36047044200,47,2945,31,,1486
36047044300,14000US36047044300,47,4587,822,61250,1572
36047044400,14000US36047044400,47,3589,140,23281,1304
36047044500,14000US36047044500,47,4729,359,100789,1449
36047044600,14000US36047044600,47,2092,882,72143,1575
36047044700,14000US36047044700,47,2545,97,156842,1518
36047044800,14000US36047044800,47,1698,171,31500,1201
36047044900,14000US36047044900,47,3210,119,,719
36047045000,14000US36047045000,47,566,16,,2173
36047045200,14000US36047045200,47,2514,60,,1927
36047045300,14000US36047045300,47,2578,24,,1902
36047045400,14000US36047045400,47,1681,87,,1450
36047045600,14000US36047045600,47,2170,445,37438,1388
36047045800,14000US36047045800,47,1324,0,,1067
36047046000,14000US36047046000,47,3131,1064,47872,1348
36047046201,14000US36047046201,47,2281,337,,883
36047046202,14000US36047046202,47,1942,58,77679,1685
36047046400,14000US36047046400,47,2638,54,50500,1838
36047046800,14000US36047046800,47,2168,49,,2025
36047047000,14000US36047047000,47,2603,71,,1813
36047047200,14000US36047047200,47,2769,19,,1646
36047047400,14000US36047047400,47,2385,0,,1706
36047047600,14000US36047047600,47,3385,26,,1211
36047047700,14000US36047047700,47,3835,292,140341,2694
36047047800,14000US36047047800,47,3666,263,32674,1330
36047048000,14000US36047048000,47,3675,381,37386,1419
36047048100,14000US36047048100,47,2967,351,71398,1981
36047048200,14000US36047048200,47,4885,1515,47703,1418
36047048400,14000US36047048400,47,5574,709,22610,1722
36047048500,14000US36047048500,47,2289,52,135833,2425
36047048600,14000US36047048600,47,3200,1400,52813,1483
36047048800,14000US36047048800,47,3896,932,46950,1276
36047048900,14000US36047048900,47,3617,46,,436
36047049000,14000US36047049000,47,5601,1160,49491,1558
36047049100,14000US36047049100,47,7069,2243,35994,1260
36047049200,14000US36047049200,47,2688,654,55673,1527
36047049300,14000US36047049300,47,7292,247,145313,940
36047049400,14000US36047049400,47,5707,1352,,1711
36047049500,14000US36047049500,47,2600,247,83750,2138
36047049600,14000US36047049600,47,4093,1117,83661,1660
36047049700,14000US36047049700,47,2717,335,98750,2173
36047049800,14000US36047049800,47,4139,1358,64076,1634
36047049900,14000US36047049900,47,1785,105,73370,2061
36047050000,14000US36047050000,47,3953,771,69265,1770
36047050100,14000US36047050100,47,3177,196,140455,2203
36047050202,14000US36047050202,47,2523,101,96538,2105
36047050300,14000US36047050300,47,2670,187,119091,2111
36047050400,14000US36047050400,47,4741,443,111576,1586
36047050500,14000US36047050500,47,4009,558,37917,1090
36047050600,14000US36047050600,47,5205,473,74091,1582
36047050700,14000US36047050700,47,3063,57,,1241
36047050801,14000US36047050801,47,4075,92,,1434
36047050803,14000US36047050803,47,2522,93,100417,1491
36047050804,14000US36047050804,47,6083,161,233047,1401
36047050900,14000US36047050900,47,5440,0,,1682
36047051001,14000US36047051001,47,4092,74,,1402
36047051002,14000US36047051002,47,4858,86,,1361
36047051100,14000US36047051100,47,4333,984,41652,1207
36047051200,14000US36047051200,47,5936,111,,1600
36047051300,14000US36047051300,47,5397,340,,2506
36047051400,14000US36047051400,47,7834,1045,67404,1472
36047051500,14000US36047051500,47,2443,228,166136,3232
36047051601,14000US36047051601,47,5252,190,,1480
36047051602,14000US36047051602,47,3895,117,,1434
36047051700,14000US36047051700,47,2581,262,127375,2806
36047051800,14000US36047051800,47,3328,194,17788,1491
36047051900,14000US36047051900,47,5066,435,,3153
36047052000,14000US36047052000,47,3874,963,32250,1355
36047052300,14000US36047052300,47,4854,303,101778,1732
36047052500,14000US36047052500,47,3270,165,,847
36047052600,14000US36047052600,47,4491,613,75536,1478
36047052700,14000US36047052700,47,6490,325,,1297
36047052800,14000US36047052800,47,1799,370,40147,1665
36047052900,14000US36047052900,47,3443,0,,1327
36047053000,14000US36047053000,47,4060,1116,29688,1460
36047053100,14000US36047053100,47,8833,64,,1746
36047053200,14000US36047053200,47,2789,637,47000,1403
36047053300,14000US36047053300,47,6754,87,,1148
36047053400,14000US36047053400,47,4232,907,66058,1464
36047053500,14000US36047053500,47,3708,0,,1085
36047053700,14000US36047053700,47,3862,32,,1286
36047053800,14000US36047053800,47,5180,561,70100,1408
36047053900,14000US36047053900,47,2483,0,,1299
36047054200,14000US36047054200,47,4008,169,,1379
36047054300,14000US36047054300,47,283,30,,2972
36047054400,14000US36047054400,47,3487,665,57643,1257
36047054500,14000US36047054500,47,8138,36,,491
36047054600,14000US36047054600,47,4782,374,37045,1411
36047054700,14000US36047054700,47,5724,142,,1697
36047054800,14000US36047054800,47,2090,22,,1553
36047054900,14000US36047054900,47,4171,241,139950,3133
36047055000,14000US36047055000,47,3382,377,,1383
36047055100,14000US36047055100,47,5361,161,,1768
36047055200,14000US36047055200,47,3477,450,76679,1489
36047055300,14000US36047055300,47,2740,125,125114,2423
36047055400,14000US36047055400,47,4328,476,45714,1489
36047055500,14000US36047055500,47,7696,1201,164028,3033
36047055600,14000US36047055600,47,3397,263,56630,1503
36047055700,14000US36047055700,47,1981,142,95625,2664
36047055800,14000US36047055800,47,2492,403,57266,1240
36047056000,14000US36047056000,47,3482,260,,1550
36047056100,14000US36047056100,47,3538,228,,2093
36047056200,14000US36047056200,47,1655,84,,
36047056300,14000US36047056300,47,5390,372,,2027
36047056400,14000US36047056400,47,2523,490,95500,1250
36047056500,14000US36047056500,47,3156,149,130625,1994
36047056600,14000US36047056600,47,2749,647,106528,1531
36047056800,14000US36047056800,47,1455,401,98958,1391
36047056900,14000US36047056900,47,1691,67,80568,2261
36047057000,14000US36047057000,47,3529,977,106333,1169
36047057100,14000US36047057100,47,4038,90,,2094
36047057200,14000US36047057200,47,5522,515,,437
36047057300,14000US36047057300,47,2457,132,,2173
36047057400,14000US36047057400,47,2858,1440,79453,1558
36047057500,14000US36047057500,47,3983,112,150568,1987
36047057600,14000US36047057600,47,3041,1496,67105,1567
36047057800,14000US36047057800,47,3260,975,42857,1405
36047057900,14000US36047057900,47,1165,38,,1899
36047058000,14000US36047058000,47,4402,1875,49118,1678
36047058200,14000US36047058200,47,2542,533,106034,1426
36047058400,14000US36047058400,47,3479,705,115987,1530
36047058600,14000US36047058600,47,2772,1705,74554,1468
36047058800,14000US36047058800,47,3269,657,81597,1492
36047058900,14000US36047058900,47,1691,37,,2189
36047059000,14000US36047059000,47,1834,644,59250,1474
36047059100,14000US36047059100,47,3638,96,242656,2028
36047059200,14000US36047059200,47,4152,787,84028,1451
36047059300,14000US36047059300,47,2022,73,213047,1873
36047059401,14000US36047059401,47,7396,2836,79801,1356
36047059402,14000US36047059402,47,5399,1369,94732,1561
36047059600,14000US36047059600,47,2442,179,,747
36047059800,14000US36047059800,47,3606,492,76935,1443
36047060000,14000US36047060000,47,6277,660,120714,1429
36047060600,14000US36047060600,47,2811,520,63167,1560
36047060800,14000US36047060800,47,3545,596,63594,1476
36047061002,14000US36047061002,47,4898,0,,1392
36047061003,14000US36047061003,47,1669,416,29000,1570
36047061004,14000US36047061004,47,6221,380,68800,1287
36047061200,14000US36047061200,47,1065,0,,1295
36047061600,14000US36047061600,47,1465,0,,1573
36047062000,14000US36047062000,47,1816,64,,1927
36047062200,14000US36047062200,47,2715,156,164018,1666
36047062600,14000US36047062600,47,2869,857,59013,1169
36047062800,14000US36047062800,47,4418,471,74375,1207
36047063200,14000US36047063200,47,1534,213,113897,1333
36047063600,14000US36047063600,47,1289,296,58864,
36047063800,14000US36047063800,47,2023,468,90625,1870
36047064000,14000US36047064000,47,1742,180,114583,1344
36047064200,14000US36047064200,47,2227,205,93553,1306
36047064400,14000US36047064400,47,2855,625,,1572
36047064600,14000US36047064600,47,2190,158,63846,1323
36047064800,14000US36047064800,47,2194,72,152813,1750
36047065000,14000US36047065000,47,1642,298,134286,1397
36047065200,14000US36047065200,47,1094,27,,868
36047065400,14000US36047065400,47,1437,230,96583,2040
36047065600,14000US36047065600,47,1725,313,117333,1149
36047065800,14000US36047065800,47,1798,438,96786,1509
36047066000,14000US36047066000,47,2050,303,103125,1500
36047066200,14000US36047066200,47,1501,277,94000,1554
36047066600,14000US36047066600,47,0,0,,
36047067000,14000US36047067000,47,2934,381,66875,1667
36047067200,14000US36047067200,47,1640,191,39306,1438
36047067400,14000US36047067400,47,1920,143,197813,1665
36047067600,14000US36047067600,47,1760,25,,1668
36047067800,14000US36047067800,47,2852,0,,1690
36047068000,14000US36047068000,47,2185,134,,1483
36047068200,14000US36047068200,47,2832,267,142857,1735
36047068600,14000US36047068600,47,1718,86,,1230
36047068800,14000US36047068800,47,1719,202,124643,2077
36047069000,14000US36047069000,47,2082,110,,1459
36047069200,14000US36047069200,47,2734,189,150833,1778
36047069601,14000US36047069601,47,3248,64,,1756
36047069602,14000US36047069602,47,5812,340,,1339
36047069800,14000US36047069800,47,1449,363,208250,2115
36047070000,14000US36047070000,47,1604,25,,1789
36047070201,14000US36047070201,47,6402,69,,2115
36047070202,14000US36047070202,47,8,0,,
36047070203,14000US36047070203,47,0,0,,
36047070600,14000US36047070600,47,3137,150,250001,2229
36047072000,14000US36047072000,47,2019,126,78929,1784
36047072200,14000US36047072200,47,2881,50,,1475
36047072400,14000US36047072400,47,1979,1,,1422
36047072600,14000US36047072600,47,2343,74,,1165
36047072800,14000US36047072800,47,3946,19,,1367
36047073000,14000US36047073000,47,2278,9,,2119
36047073200,14000US36047073200,47,2195,135,108036,1205
36047073400,14000US36047073400,47,1776,7,,1330
36047073600,14000US36047073600,47,3198,345,26458,1387
36047073800,14000US36047073800,47,3977,216,,1447
36047074000,14000US36047074000,47,3598,505,64258,1369
36047074200,14000US36047074200,47,3136,35,45568,1569
36047074400,14000US36047074400,47,2777,74,89583,1757
36047074600,14000US36047074600,47,2577,93,,1333
36047074800,14000US36047074800,47,1957,124,,1486
36047075000,14000US36047075000,47,2857,128,67031,1472
36047075200,14000US36047075200,47,1031,8,,
36047075400,14000US36047075400,47,1294,0,,1833
36047075600,14000US36047075600,47,2150,263,91500,1379
36047075800,14000US36047075800,47,1653,8,,1329
36047076000,14000US36047076000,47,2930,120,,1203
36047076200,14000US36047076200,47,4285,590,54348,1284
36047076400,14000US36047076400,47,3602,284,,1428
36047076600,14000US36047076600,47,2103,90,,1531
36047076800,14000US36047076800,47,3219,286,,1369
36047077000,14000US36047077000,47,2820,231,,1288
36047077200,14000US36047077200,47,3114,53,,1460
36047077400,14000US36047077400,47,3250,280,104167,1426
36047077600,14000US36047077600,47,3732,316,,1578
36047078000,14000US36047078000,47,2161,4,,1686
36047078200,14000US36047078200,47,4923,80,,1341
36047078400,14000US36047078400,47,2386,60,94625,1648
36047078600,14000US36047078600,47,4753,266,68289,1311
36047078800,14000US36047078800,47,3528,24,,1317
36047079000,14000US36047079000,47,5096,24,,1420
36047079200,14000US36047079200,47,3488,29,,1501
36047079400,14000US36047079400,47,1716,24,,1232
36047079601,14000US36047079601,47,4536,75,,1435
36047079602,14000US36047079602,47,4797,135,,1368
36047079801,14000US36047079801,47,2869,70,121359,1534
36047079802,14000US36047079802,47,5441,389,87530,1641
36047080000,14000US36047080000,47,3689,90,,1618
36047080200,14000US36047080200,47,4578,130,63500,1335
36047080400,14000US36047080400,47,3191,52,,1532
36047080600,14000US36047080600,47,3355,187,,1330
36047080800,14000US36047080800,47,1326,118,9300,373
36047081000,14000US36047081000,47,2322,12,,1372
36047081400,14000US36047081400,47,2770,98,,1429
36047081600,14000US36047081600,47,2653,143,125313,1411
36047081800,14000US36047081800,47,4528,253,108594,1364
36047082000,14000US36047082000,47,5175,69,,1406
36047082200,14000US36047082200,47,7170,75,63125,1353
36047082400,14000US36047082400,47,4910,128,,1437
36047082600,14000US36047082600,47,4911,15,,1312
36047082800,14000US36047082800,47,3706,79,,1420
36047083000,14000US36047083000,47,6306,53,,1422
36047083200,14000US36047083200,47,2127,85,66458,1399
36047083400,14000US36047083400,47,1745,104,,1492
36047083600,14000US36047083600,47,2017,32,,1438
36047083800,14000US36047083800,47,2073,0,,1346
36047084000,14000US36047084000,47,2520,14,,1380
36047084600,14000US36047084600,47,2023,0,,1425
36047084800,14000US36047084800,47,1701,50,,1547
36047085000,14000US36047085000,47,1489,0,,1392
36047085200,14000US36047085200,47,26,0,,
36047085400,14000US36047085400,47,1966,6,,1375
36047085600,14000US36047085600,47,3384,46,,1403
36047085800,14000US36047085800,47,2107,0,,1488
36047086000,14000US36047086000,47,3627,10,,1381
36047086200,14000US36047086200,47,2821,0,,1306
36047086400,14000US36047086400,47,2343,0,,1176
36047086600,14000US36047086600,47,3145,119,,1273
36047086800,14000US36047086800,47,3413,22,,1323
36047087000,14000US36047087000,47,3125,0,,1299
36047087200,14000US36047087200,47,3130,73,,1426
36047087401,14000US36047087401,47,3759,0,,1257
36047087600,14000US36047087600,47,1709,39,,1138
36047087800,14000US36047087800,47,2647,0,,1343
36047088000,14000US36047088000,47,2725,7,,1155
36047088200,14000US36047088200,47,6353,0,,1166
36047088400,14000US36047088400,47,4401,47,,1335
36047088600,14000US36047088600,47,4089,67,,1253
36047088800,14000US36047088800,47,4086,118,,1371
36047089000,14000US36047089000,47,5912,0,,1297
36047089200,14000US36047089200,47,3265,0,,1141
36047089400,14000US36047089400,47,3254,58,,1603
36047089600,14000US36047089600,47,3160,21,,1266
36047089800,14000US36047089800,47,1820,11,,1487
36047090000,14000US36047090000,47,3912,0,,887
36047090200,14000US36047090200,47,3309,216,,621
36047090600,14000US36047090600,47,3295,0,,440
36047090800,14000US36047090800,47,5992,151,,538
36047091000,14000US36047091000,47,4196,0,,397
36047091200,14000US36047091200,47,5589,119,28672,551
36047091600,14000US36047091600,47,3481,0,,837
36047091800,14000US36047091800,47,2250,0,,594
36047092000,14000US36047092000,47,2523,114,32589,1203
36047092200,14000US36047092200,47,2537,33,,1105
36047092400,14000US36047092400,47,2653,0,,900
36047092800,14000US36047092800,47,3022,0,,1392
36047093000,14000US36047093000,47,3068,14,,1249
36047093200,14000US36047093200,47,1124,31,,1000
36047093400,14000US36047093400,47,2464,0,,1148
36047093600,14000US36047093600,47,1692,0,,1486
36047093800,14000US36047093800,47,2476,8,,1388
36047094401,14000US36047094401,47,3534,22,,1453
36047094402,14000US36047094402,47,3248,47,,521
36047094600,14000US36047094600,47,1947,45,,1456
36047095000,14000US36047095000,47,2751,0,,1561
36047095400,14000US36047095400,47,4289,31,,1589
36047095600,14000US36047095600,47,4507,76,,1751
36047095800,14000US36047095800,47,3345,100,,1642
36047096000,14000US36047096000,47,0,0,,
36047096200,14000US36047096200,47,1838,22,,1560
36047096400,14000US36047096400,47,1978,140,,1483
36047096600,14000US36047096600,47,2634,107,,1475
36047096800,14000US36047096800,47,1713,28,,1522
36047097000,14000US36047097000,47,2868,9,,1543
36047097400,14000US36047097400,47,2743,77,148068,1610
36047098200,14000US36047098200,47,4532,21,,534
36047098400,14000US36047098400,47,1998,7,,1685
36047098600,14000US36047098600,47,2856,53,86500,1535
36047098800,14000US36047098800,47,3365,281,56765,1597
36047099000,14000US36047099000,47,1744,120,205469,1488
36047099200,14000US36047099200,47,2311,46,93875,1559
36047099400,14000US36047099400,47,2126,134,,1675
36047099600,14000US36047099600,47,3761,97,,1590
36047099800,14000US36047099800,47,3588,0,,1474
36047100400,14000US36047100400,47,2677,17,,1656
36047100600,14000US36047100600,47,2610,48,105000,1698
36047100800,14000US36047100800,47,2250,100,,1496
36047101000,14000US36047101000,47,2284,137,78750,1624
36047101200,14000US36047101200,47,2288,113,53750,1338
36047101400,14000US36047101400,47,2178,132,,1327
36047101600,14000US36047101600,47,1715,0,,1470
36047101800,14000US36047101800,47,2295,217,159353,1169
36047102000,14000US36047102000,47,2217,0,,1290
36047102200,14000US36047102200,47,2171,226,32014,1558
36047102400,14000US36047102400,47,2255,41,88929,1485
36047102600,14000US36047102600,47,3023,66,,1661
36047102800,14000US36047102800,47,1680,34,,1702
36047103400,14000US36047103400,47,4294,0,,556
36047105801,14000US36047105801,47,5809,56,,639
36047105804,14000US36047105804,47,6744,424,21094,945
36047107000,14000US36047107000,47,2330,92,146250,958
36047107800,14000US36047107800,47,4662,0,,1310
36047109800,14000US36047109800,47,2359,68,,1711
36047110400,14000US36047110400,47,4407,1,,887
36047110600,14000US36047110600,47,4191,9,,516
36047111000,14000US36047111000,47,2986,22,,501
36047111600,14000US36047111600,47,3624,7,,1358
36047111800,14000US36047111800,47,3639,0,,1164
36047112000,14000US36047112000,47,3105,59,,1247
36047112200,14000US36047112200,47,3168,170,20667,1526
36047112400,14000US36047112400,47,3054,0,,1345
36047112600,14000US36047112600,47,3237,122,,1188
36047112800,14000US36047112800,47,3764,0,,1316
36047113000,14000US36047113000,47,3699,0,,982
36047113200,14000US36047113200,47,1973,14,,1536
36047113400,14000US36047113400,47,3105,32,,635
36047114201,14000US36047114201,47,1554,43,99306,1377
36047114202,14000US36047114202,47,3011,0,,1388
36047114400,14000US36047114400,47,2545,17,,1498
36047114600,14000US36047114600,47,2852,326,82292,1475
36047115000,14000US36047115000,47,2557,67,,1429
36047115200,14000US36047115200,47,3122,86,,1225
36047115600,14000US36047115600,47,3924,20,,621
36047115800,14000US36047115800,47,2878,1,,1433
36047116000,14000US36047116000,47,2324,0,,972
36047116200,14000US36047116200,47,2429,67,,1291
36047116400,14000US36047116400,47,3596,36,,1608
36047116600,14000US36047116600,47,3128,82,,1541
36047116800,14000US36047116800,47,2028,28,,1571
36047117000,14000US36047117000,47,1791,72,43906,1548
36047117201,14000US36047117201,47,2745,81,,1292
36047117202,14000US36047117202,47,3756,104,,1327
36047117400,14000US36047117400,47,4143,291,138819,1678
36047117601,14000US36047117601,47,3203,47,,1382
36047117602,14000US36047117602,47,2841,65,,1319
36047117800,14000US36047117800,47,1694,365,35441,1387
36047118000,14000US36047118000,47,0,0,,
36047118201,14000US36047118201,47,2868,124,100625,1333
36047118202,14000US36047118202,47,3317,152,,1447
36047118400,14000US36047118400,47,5105,451,100402,1548
36047118600,14000US36047118600,47,2960,568,78889,1376
36047118800,14000US36047118800,47,4536,1117,41563,1358
36047119000,14000US36047119000,47,2220,133,29167,1580
36047119200,14000US36047119200,47,3090,110,,1372
36047119400,14000US36047119400,47,4892,63,,1452
36047119600,14000US36047119600,47,4993,615,,1289
36047119800,14000US36047119800,47,3671,13,,1787
36047120000,14000US36047120000,47,2630,514,,1211
36047120200,14000US36047120200,47,1933,696,35688,1411
36047120800,14000US36047120800,47,10413,251,,1374
36047121000,14000US36047121000,47,4196,14,,447
36047121400,14000US36047121400,47,4820,0,,456
36047122000,14000US36047122000,47,5945,64,,1283
36047123700,14000US36047123700,47,6966,54,,1944
36047150200,14000US36047150200,47,2651,189,171944,2128
36047152200,14000US36047152200,47,3717,649,85694,1782
36047990100,14000US36047990100,47,0,0,,
36061000100,14000US36061000100,61,0,0,,
36061000201,14000US36061000201,61,2750,1194,35536,765
36061000202,14000US36061000202,61,7773,1579,,542
36061000500,14000US36061000500,61,0,0,,
36061000600,14000US36061000600,61,9838,5860,14996,571
36061000700,14000US36061000700,61,8501,1623,106843,3308
36061000800,14000US36061000800,61,9315,7994,30309,1032
36061000900,14000US36061000900,61,1796,328,243750,3501
36061001001,14000US36061001001,61,1546,176,146838,1171
36061001002,14000US36061001002,61,5157,988,27734,394
36061001200,14000US36061001200,61,4168,714,42900,1086
36061001300,14000US36061001300,61,4455,808,109227,3247
36061001401,14000US36061001401,61,3024,474,138750,1202
36061001402,14000US36061001402,61,2941,893,16169,1063
36061001501,14000US36061001501,61,7398,1966,26550,2804
36061001502,14000US36061001502,61,8309,1350,156731,3189
36061001600,14000US36061001600,61,6968,5438,26918,1336
36061001800,14000US36061001800,61,6788,3127,32392,1381
36061002000,14000US36061002000,61,4586,1025,22763,449
36061002100,14000US36061002100,61,6666,678,173611,3458
36061002201,14000US36061002201,61,6565,1355,39750,951
36061002202,14000US36061002202,61,2099,260,,2151
36061002400,14000US36061002400,61,4192,545,17361,440
36061002500,14000US36061002500,61,5483,2232,19238,496
36061002601,14000US36061002601,61,3488,834,31250,864
36061002602,14000US36061002602,61,3946,403,,1580
36061002700,14000US36061002700,61,1341,1024,30388,1105
36061002800,14000US36061002800,61,6765,1037,31014,1094
36061002900,14000US36061002900,61,5924,3489,24563,1128
36061003001,14000US36061003001,61,3815,530,,2069
36061003002,14000US36061003002,61,2939,368,,1330
36061003100,14000US36061003100,61,2525,602,,3021
36061003200,14000US36061003200,61,7814,917,87642,1503
36061003300,14000US36061003300,61,5224,698,,3060
36061003400,14000US36061003400,61,6569,771,,2056
36061003601,14000US36061003601,61,3132,842,21994,986
36061003602,14000US36061003602,61,3212,384,,1851
36061003700,14000US36061003700,61,2666,161,109861,2615
36061003800,14000US36061003800,61,8927,1288,74761,2167
36061003900,14000US36061003900,61,6931,480,181484,1919
36061004000,14000US36061004000,61,8105,1071,,2238
36061004100,14000US36061004100,61,7997,4583,39615,1318
36061004200,14000US36061004200,61,5384,1200,147656,2784
36061004300,14000US36061004300,61,3968,984,74175,2012
36061004400,14000US36061004400,61,16594,2161,,2672
36061004500,14000US36061004500,61,980,238,,1212
36061004700,14000US36061004700,61,2474,477,163047,2177
36061004800,14000US36061004800,61,6230,904,151250,2324
36061004900,14000US36061004900,61,4404,436,,2140
36061005000,14000US36061005000,61,4748,875,77279,2698
36061005200,14000US36061005200,61,3321,575,192375,2986
36061005400,14000US36061005400,61,4768,606,216719,2969
36061005501,14000US36061005501,61,4727,931,,2673
36061005502,14000US36061005502,61,1825,41,113889,3188
36061005600,14000US36061005600,61,4250,457,,1331
36061005700,14000US36061005700,61,2756,167,131932,3501
36061005800,14000US36061005800,61,4315,698,71821,2194
36061005900,14000US36061005900,61,5404,536,76467,2288
36061006000,14000US36061006000,61,5741,643,229926,2330
36061006100,14000US36061006100,61,4747,716,250001,2514
36061006200,14000US36061006200,61,4444,890,97118,2660
36061006300,14000US36061006300,61,6393,435,250001,2486
36061006400,14000US36061006400,61,7643,1218,111582,2706
36061006500,14000US36061006500,61,6337,798,93815,2394
36061006600,14000US36061006600,61,11839,2166,,1391
36061006700,14000US36061006700,61,5431,217,128698,2509
36061006800,14000US36061006800,61,7876,1496,139375,2599
36061006900,14000US36061006900,61,2485,248,250001,3164
36061007000,14000US36061007000,61,8301,1528,127933,2522
36061007100,14000US36061007100,61,5530,342,250001,2350
36061007200,14000US36061007200,61,7642,1965,107372,2616
36061007300,14000US36061007300,61,5759,273,128869,2329
36061007400,14000US36061007400,61,4528,758,121324,2778
36061007500,14000US36061007500,61,3603,184,,2671
36061007600,14000US36061007600,61,2092,797,92868,2770
36061007700,14000US36061007700,61,5971,244,103098,2324
36061007800,14000US36061007800,61,9422,2197,161250,2824
36061007900,14000US36061007900,61,4425,223,250001,1447
36061008000,14000US36061008000,61,4964,683,138897,2573
36061008100,14000US36061008100,61,7481,562,145652,2163
36061008200,14000US36061008200,61,3241,676,218188,3188
36061008300,14000US36061008300,61,3686,410,,1596
36061008400,14000US36061008400,61,1746,649,119000,3501
36061008601,14000US36061008601,61,2915,702,128625,3501
36061008602,14000US36061008602,61,0,0,,
36061008603,14000US36061008603,61,4400,448,151500,3075
36061008700,14000US36061008700,61,6556,624,200341,2902
36061008800,14000US36061008800,61,7416,1842,89250,2343
36061008900,14000US36061008900,61,5413,533,97063,1801
36061009000,14000US36061009000,61,7633,1701,136579,2622
36061009100,14000US36061009100,61,6298,937,,2088
36061009200,14000US36061009200,61,1474,358,250001,2583
36061009300,14000US36061009300,61,9440,1585,51715,1449
36061009400,14000US36061009400,61,71,5,,2446
36061009500,14000US36061009500,61,3142,343,64688,3031
36061009600,14000US36061009600,61,177,51,107000,2860
36061009700,14000US36061009700,61,4968,961,28750,889
36061009800,14000US36061009800,61,7302,791,207581,2409
36061009900,14000US36061009900,61,5981,933,,3392
36061010000,14000US36061010000,61,1741,394,95641,2683
36061010100,14000US36061010100,61,1373,430,,3415
36061010200,14000US36061010200,61,122,2,,2875
36061010300,14000US36061010300,61,2065,475,104773,2895
36061010400,14000US36061010400,61,811,156,125114,2691
36061010601,14000US36061010601,61,7091,722,193353,2818
36061010602,14000US36061010602,61,4859,647,149955,3029
36061010800,14000US36061010800,61,9046,917,167180,2364
36061010900,14000US36061010900,61,172,28,142000,2866
36061011000,14000US36061011000,61,7499,1086,159241,2764
36061011100,14000US36061011100,61,4757,1203,120473,3048
36061011201,14000US36061011201,61,843,114,,2449
36061011202,14000US36061011202,61,415,44,,3100
36061011203,14000US36061011203,61,1103,234,100625,2797
36061011300,14000US36061011300,61,98,33,85938,3042
36061011401,14000US36061011401,61,1173,51,250001,2000
36061011402,14000US36061011402,61,1880,154,250001,2250
36061011500,14000US36061011500,61,3663,1253,115833,2440
36061011600,14000US36061011600,61,3540,584,79267,1739
36061011700,14000US36061011700,61,4191,809,120481,3149
36061011800,14000US36061011800,61,8986,1180,123521,2507
36061011900,14000US36061011900,61,1071,76,16212,711
36061012000,14000US36061012000,61,3144,111,175227,2256
36061012100,14000US36061012100,61,7763,798,88447,1366
36061012200,14000US36061012200,61,2473,20,,1991
36061012400,14000US36061012400,61,9782,1221,76734,2461
36061012500,14000US36061012500,61,2311,648,146875,3326
36061012600,14000US36061012600,61,12620,991,,2228
36061012700,14000US36061012700,61,6707,775,137857,2182
36061012800,14000US36061012800,61,5384,175,127014,2094
36061012900,14000US36061012900,61,8351,1740,104423,2422
36061013000,14000US36061013000,61,3314,144,232500,1775
36061013100,14000US36061013100,61,2788,678,167875,2889
36061013200,14000US36061013200,61,10999,550,98954,2115
36061013300,14000US36061013300,61,6228,1716,175833,2107
36061013400,14000US36061013400,61,11360,1073,,1939
36061013500,14000US36061013500,61,9705,1673,,1186
36061013600,14000US36061013600,61,15487,1008,110000,2351
36061013700,14000US36061013700,61,5994,748,209451,3016
36061013800,14000US36061013800,61,12213,1673,145543,2402
36061013900,14000US36061013900,61,10524,1861,147350,2053
36061014000,14000US36061014000,61,7194,405,,2370
36061014200,14000US36061014200,61,5110,526,250001,2201
36061014300,14000US36061014300,61,2,0,,
36061014401,14000US36061014401,61,4720,457,142886,2215
36061014402,14000US36061014402,61,6946,573,160972,2329
36061014500,14000US36061014500,61,6153,1164,187500,3474
36061014601,14000US36061014601,61,4182,762,142955,2390
36061014602,14000US36061014602,61,7831,609,173529,2302
36061014700,14000US36061014700,61,3475,1017,161406,2967
36061014801,14000US36061014801,61,2810,200,,2605
36061014802,14000US36061014802,61,6504,674,169107,2539
36061014900,14000US36061014900,61,4992,472,,2723
36061015001,14000US36061015001,61,2285,203,,2301
36061015002,14000US36061015002,61,4578,271,160461,2705
36061015100,14000US36061015100,61,10143,1651,122344,935
36061015200,14000US36061015200,61,7816,830,111896,1586
36061015300,14000US36061015300,61,9764,999,171731,2823
36061015400,14000US36061015400,61,14134,1124,159587,2240
36061015500,14000US36061015500,61,10290,1450,181898,2968
36061015601,14000US36061015601,61,5130,782,132368,2386
36061015602,14000US36061015602,61,2433,280,162656,861
36061015700,14000US36061015700,61,9586,704,,2109
36061015801,14000US36061015801,61,5099,581,143600,2536
36061015802,14000US36061015802,61,4353,839,108854,2365
36061015900,14000US36061015900,61,9517,1027,112104,2010
36061016001,14000US36061016001,61,3465,212,250001,2680
36061016002,14000US36061016002,61,3421,526,64152,1785
36061016100,14000US36061016100,61,6281,666,108806,2371
36061016200,14000US36061016200,61,9412,886,53021,833
36061016300,14000US36061016300,61,7267,578,162652,2312
36061016400,14000US36061016400,61,7474,1418,29070,720
36061016500,14000US36061016500,61,6512,454,188365,2386
36061016600,14000US36061016600,61,6377,308,,1172
36061016700,14000US36061016700,61,6189,770,250001,2261
36061016800,14000US36061016800,61,5115,325,64427,631
36061016900,14000US36061016900,61,8375,852,153849,2599
36061017000,14000US36061017000,61,7829,1287,29604,1062
36061017100,14000US36061017100,61,8694,257,250001,1933
36061017200,14000US36061017200,61,5130,190,,965
36061017300,14000US36061017300,61,7580,1007,195921,2296
36061017401,14000US36061017401,61,4634,289,,594
36061017402,14000US36061017402,61,2375,208,86607,1641
36061017500,14000US36061017500,61,10558,645,,1994
36061017700,14000US36061017700,61,9265,396,,1132
36061017800,14000US36061017800,61,3987,173,,1466
36061017900,14000US36061017900,61,8267,768,26316,1777
36061018000,14000US36061018000,61,7422,189,,933
36061018100,14000US36061018100,61,8496,526,,1391
36061018200,14000US36061018200,61,7902,570,27955,722
36061018300,14000US36061018300,61,7827,389,134492,2360
36061018400,14000US36061018400,61,7116,478,,756
36061018500,14000US36061018500,61,4893,570,135096,2106
36061018600,14000US36061018600,61,6909,220,,706
36061018700,14000US36061018700,61,8608,1093,95191,1975
36061018800,14000US36061018800,61,5437,179,85847,1200
36061018900,14000US36061018900,61,11654,747,,820
36061019000,14000US36061019000,61,3734,494,92700,1086
36061019100,14000US36061019100,61,9757,975,196080,1993
36061019200,14000US36061019200,61,3802,267,32065,480
36061019300,14000US36061019300,61,10255,850,,1521
36061019400,14000US36061019400,61,6166,45,,539
36061019500,14000US36061019500,61,7167,1016,,1455
36061019600,14000US36061019600,61,4310,107,,626
36061019701,14000US36061019701,61,639,185,,3042
36061019702,14000US36061019702,61,2478,294,70341,1921
36061019800,14000US36061019800,61,2645,221,,1690
36061019900,14000US36061019900,61,8786,1304,50670,1983
36061020000,14000US36061020000,61,3606,97,,1332
36061020101,14000US36061020101,61,1854,320,70938,2332
36061020102,14000US36061020102,61,4137,280,,1493
36061020300,14000US36061020300,61,3607,764,,1788
36061020500,14000US36061020500,61,5117,780,,2232
36061020600,14000US36061020600,61,3432,82,78313,1161
36061020701,14000US36061020701,61,3041,737,53705,1932
36061020800,14000US36061020800,61,5432,209,153000,1582
36061020901,14000US36061020901,61,3511,161,,912
36061021000,14000US36061021000,61,7540,196,,970
36061021100,14000US36061021100,61,10824,1989,78125,1289
36061021200,14000US36061021200,61,4112,152,61591,1463
36061021303,14000US36061021303,61,6283,422,,1338
36061021400,14000US36061021400,61,3373,122,90491,1390
36061021500,14000US36061021500,61,4396,101,114107,1338
36061021600,14000US36061021600,61,8773,522,68924,1482
36061021703,14000US36061021703,61,11,0,,
36061021800,14000US36061021800,61,6236,134,,1238
36061021900,14000US36061021900,61,6008,162,,498
36061022000,14000US36061022000,61,6078,466,,1254
36061022102,14000US36061022102,61,2605,133,,1526
36061022200,14000US36061022200,61,3369,228,38409,1165
36061022301,14000US36061022301,61,8292,185,81284,1220
36061022302,14000US36061022302,61,3175,520,,1491
36061022400,14000US36061022400,61,7586,161,170087,951
36061022500,14000US36061022500,61,10334,476,,1442
36061022600,14000US36061022600,61,4954,165,,1133
36061022700,14000US36061022700,61,5218,276,135982,1481
36061022800,14000US36061022800,61,6162,135,,1210
36061022900,14000US36061022900,61,9205,287,,1492
36061023000,14000US36061023000,61,8717,165,57569,864
36061023100,14000US36061023100,61,6807,182,,1244
36061023200,14000US36061023200,61,9069,148,78214,1036
36061023300,14000US36061023300,61,7220,369,250001,1486
36061023400,14000US36061023400,61,5072,45,,1294
36061023501,14000US36061023501,61,7044,165,92821,1369
36061023502,14000US36061023502,61,1986,64,,1319
36061023600,14000US36061023600,61,7761,39,,936
36061023700,14000US36061023700,61,6682,248,165781,1324
36061023801,14000US36061023801,61,6354,2679,128438,2398
36061023802,14000US36061023802,61,6086,1585,102500,2796
36061023900,14000US36061023900,61,2781,137,,1339
36061024000,14000US36061024000,61,2009,63,,
36061024100,14000US36061024100,61,8680,413,83675,1191
36061024200,14000US36061024200,61,5003,136,,810
36061024301,14000US36061024301,61,4658,192,,1326
36061024302,14000US36061024302,61,7756,95,,598
36061024500,14000US36061024500,61,14717,339,,1207
36061024700,14000US36061024700,61,7303,385,98445,1222
36061024900,14000US36061024900,61,1047,79,118417,1337
36061025100,14000US36061025100,61,2835,112,68214,1103
36061025300,14000US36061025300,61,13572,239,,1235
36061025500,14000US36061025500,61,5999,1005,119048,1645
36061025700,14000US36061025700,61,4625,285,101591,1646
36061025900,14000US36061025900,61,3731,169,,1185
36061026100,14000US36061026100,61,13145,87,,1291
36061026300,14000US36061026300,61,9177,248,8945,1467
36061026500,14000US36061026500,61,7951,163,,1429
36061026700,14000US36061026700,61,1994,66,,1520
36061026900,14000US36061026900,61,8986,269,18697,1300
36061027100,14000US36061027100,61,8806,256,92540,1463
36061027300,14000US36061027300,61,6925,163,168705,1842
36061027500,14000US36061027500,61,3370,137,76029,1887
36061027700,14000US36061027700,61,6538,122,25703,1203
36061027900,14000US36061027900,61,12053,228,64741,1477
36061028100,14000US36061028100,61,3416,276,98375,1917
36061028300,14000US36061028300,61,7949,423,90641,1351
36061028500,14000US36061028500,61,7907,150,,1312
36061028700,14000US36061028700,61,4231,68,,1574
36061029100,14000US36061029100,61,12165,495,78214,1296
36061029300,14000US36061029300,61,9397,90,,1208
36061029500,14000US36061029500,61,8182,271,97560,1611
36061029700,14000US36061029700,61,22,2,,
36061029900,14000US36061029900,61,3737,9,,566
36061030300,14000US36061030300,61,4535,197,85893,1625
36061030700,14000US36061030700,61,3920,152,103625,1658
36061030900,14000US36061030900,61,10593,75,,1142
36061031100,14000US36061031100,61,0,0,,
36061031703,14000US36061031703,61,5783,1150,250001,3435
36061031704,14000US36061031704,61,10224,1900,172903,3385
36061031900,14000US36061031900,61,0,0,,
36081000100,14000US36081000100,81,9505,2505,173875,3173
36081000200,14000US36081000200,81,3019,523,62589,1777
36081000400,14000US36081000400,81,4476,994,,1652
36081000600,14000US36081000600,81,4107,817,91176,1792
36081000700,14000US36081000700,81,6336,1495,151250,2273
36081000800,14000US36081000800,81,3193,676,102589,1480
36081001000,14000US36081001000,81,4618,878,86518,1762
36081001200,14000US36081001200,81,3578,773,68125,1536
36081001400,14000US36081001400,81,4308,791,85677,1704
36081001600,14000US36081001600,81,2420,514,113571,1479
36081001800,14000US36081001800,81,2796,513,86250,1710
36081001900,14000US36081001900,81,4358,1837,139028,3106
36081002000,14000US36081002000,81,1721,570,120278,1998
36081002200,14000US36081002200,81,2314,328,103375,1558
36081002400,14000US36081002400,81,2382,555,75515,1481
36081002500,14000US36081002500,81,6802,767,26360,343
36081002600,14000US36081002600,81,2272,420,64375,1582
36081002800,14000US36081002800,81,3573,792,63173,1545
36081003000,14000US36081003000,81,1524,247,76500,1664
36081003100,14000US36081003100,81,1144,190,115714,1787
36081003200,14000US36081003200,81,1764,442,,1627
36081003300,14000US36081003300,81,3569,1187,,2473
36081003400,14000US36081003400,81,2612,504,,1658
36081003600,14000US36081003600,81,3584,1339,78603,1469
36081003700,14000US36081003700,81,0,0,,
36081003800,14000US36081003800,81,2757,479,80500,1597
36081003900,14000US36081003900,81,1439,140,,1708
36081004001,14000US36081004001,81,2365,519,82614,1493
36081004002,14000US36081004002,81,1459,492,62857,1712
36081004200,14000US36081004200,81,4016,1675,52321,1445
36081004300,14000US36081004300,81,2283,255,36420,451
36081004401,14000US36081004401,81,3732,2211,63611,1659
36081004500,14000US36081004500,81,3194,698,171359,914
36081004700,14000US36081004700,81,3665,527,32396,878
36081005000,14000US36081005000,81,49,0,,
36081005100,14000US36081005100,81,1866,1016,40500,1745
36081005200,14000US36081005200,81,2817,1376,62011,1713
36081005300,14000US36081005300,81,5092,1304,105313,1758
36081005400,14000US36081005400,81,5862,1809,67375,1610
36081005500,14000US36081005500,81,952,222,72679,1317
36081005700,14000US36081005700,81,4212,1045,50804,1790
36081005800,14000US36081005800,81,6355,877,59688,1668
36081005900,14000US36081005900,81,4057,554,93125,1871
36081006100,14000US36081006100,81,5548,1023,86853,1776
36081006201,14000US36081006201,81,5593,410,91452,1143
36081006202,14000US36081006202,81,6459,454,,1656
36081006300,14000US36081006300,81,5690,1057,105000,1852
36081006501,14000US36081006501,81,3450,474,,1770
36081006502,14000US36081006502,81,3494,324,91313,1885
36081006900,14000US36081006900,81,3699,750,64042,1859
36081007100,14000US36081007100,81,3344,496,89554,1880
36081007300,14000US36081007300,81,3933,960,81304,1941
36081007500,14000US36081007500,81,3959,969,,1691
36081007700,14000US36081007700,81,1856,437,83500,2397
36081007900,14000US36081007900,81,2685,684,53000,1665
36081008100,14000US36081008100,81,1269,156,,2168
36081008300,14000US36081008300,81,2409,461,50625,1698
36081008500,14000US36081008500,81,883,143,56750,1625
36081008600,14000US36081008600,81,2846,522,103667,1525
36081008700,14000US36081008700,81,4052,127,,575
36081008800,14000US36081008800,81,3663,455,144063,1448
36081009100,14000US36081009100,81,2303,274,,1761
36081009400,14000US36081009400,81,2769,1368,75208,1618
36081009500,14000US36081009500,81,2276,361,83281,2083
36081009600,14000US36081009600,81,3522,911,100268,1688
36081009700,14000US36081009700,81,3693,557,117917,1992
36081009800,14000US36081009800,81,2705,991,106000,1645
36081009900,14000US36081009900,81,0,0,,
36081010000,14000US36081010000,81,3686,1095,135165,1687
36081010100,14000US36081010100,81,2382,218,61250,1764
36081010200,14000US36081010200,81,2817,1259,83056,1528
36081010300,14000US36081010300,81,4136,605,54397,1686
36081010400,14000US36081010400,81,3014,747,69861,1585
36081010500,14000US36081010500,81,4522,876,92344,1717
36081010600,14000US36081010600,81,3733,1837,73750,1513
36081010701,14000US36081010701,81,0,0,,
36081010800,14000US36081010800,81,3364,1509,76579,1698
36081011000,14000US36081011000,81,3234,929,63250,1485
36081011100,14000US36081011100,81,3116,364,118750,1934
36081011200,14000US36081011200,81,2279,905,60625,1500
36081011300,14000US36081011300,81,4463,565,72917,1795
36081011400,14000US36081011400,81,1303,370,42800,1345
36081011500,14000US36081011500,81,2438,223,,1813
36081011600,14000US36081011600,81,1980,876,80938,1793
36081011700,14000US36081011700,81,3574,301,78472,1738
36081011800,14000US36081011800,81,2522,988,60625,1690
36081011900,14000US36081011900,81,1409,83,,1759
36081012000,14000US36081012000,81,2365,1122,53750,1530
36081012100,14000US36081012100,81,2034,114,73864,1832
36081012200,14000US36081012200,81,3128,1491,92054,1333
36081012301,14000US36081012301,81,2782,203,96685,1865
36081012400,14000US36081012400,81,3374,621,64671,1527
36081012500,14000US36081012500,81,1762,206,,1794
36081012601,14000US36081012601,81,2750,459,77153,1606
36081012602,14000US36081012602,81,2792,640,62109,1558
36081012800,14000US36081012800,81,2380,352,115385,1558
36081013000,14000US36081013000,81,1688,452,86316,1586
36081013200,14000US36081013200,81,2265,274,,1619
36081013400,14000US36081013400,81,4678,607,99896,1518
36081013500,14000US36081013500,81,1306,58,79519,1673
36081013600,14000US36081013600,81,1874,123,,1520
36081013700,14000US36081013700,81,1773,113,114773,2116
36081013800,14000US36081013800,81,3608,920,92361,1555
36081014000,14000US36081014000,81,3766,605,79250,1652
36081014100,14000US36081014100,81,1636,110,43500,1690
36081014201,14000US36081014201,81,4334,1445,70313,1424
36081014202,14000US36081014202,81,2856,730,83750,1622
36081014300,14000US36081014300,81,3772,556,52935,1613
36081014400,14000US36081014400,81,1915,569,47955,1456
36081014500,14000US36081014500,81,2412,144,72632,1780
36081014700,14000US36081014700,81,2768,422,118250,1689
36081014800,14000US36081014800,81,1719,751,69205,1610
36081014900,14000US36081014900,81,1842,152,,1744
36081015000,14000US36081015000,81,2899,1044,90688,1469
36081015100,14000US36081015100,81,2613,260,74167,1637
36081015200,14000US36081015200,81,2822,910,67417,1719
36081015300,14000US36081015300,81,1933,425,45729,1819
36081015400,14000US36081015400,81,2170,872,64766,1643
36081015500,14000US36081015500,81,2358,427,116250,2000
36081015600,14000US36081015600,81,2908,1095,79896,1646
36081015700,14000US36081015700,81,1305,331,72500,1632
36081015801,14000US36081015801,81,3746,1240,101625,1689
36081015802,14000US36081015802,81,4872,1136,97829,1539
36081015900,14000US36081015900,81,3422,443,62578,1642
36081016100,14000US36081016100,81,2297,424,68333,1743
36081016300,14000US36081016300,81,3519,492,,527
36081016400,14000US36081016400,81,3786,1296,74583,1569
36081016600,14000US36081016600,81,3984,1378,67813,1392
36081016800,14000US36081016800,81,3257,1033,84531,1728
36081016900,14000US36081016900,81,5683,1297,55458,1699
36081017000,14000US36081017000,81,2622,1154,81776,1672
36081017100,14000US36081017100,81,51,13,,
36081017200,14000US36081017200,81,1913,487,55833,1219
36081017400,14000US36081017400,81,2285,500,90833,1612
36081017600,14000US36081017600,81,2135,390,56250,1559
36081017800,14000US36081017800,81,2257,341,97250,1700
36081017900,14000US36081017900,81,1019,385,39881,1480
36081018000,14000US36081018000,81,1328,164,,1787
36081018101,14000US36081018101,81,3497,875,67660,1578
36081018102,14000US36081018102,81,3311,670,65156,1613
36081018200,14000US36081018200,81,2499,315,47955,1645
36081018300,14000US36081018300,81,6064,1404,54739,1657
36081018401,14000US36081018401,81,2114,53,,1183
36081018402,14000US36081018402,81,2431,157,165893,1409
36081018501,14000US36081018501,81,3182,613,57750,1459
36081018502,14000US36081018502,81,3367,714,57578,1736
36081018600,14000US36081018600,81,1869,169,32308,1609
36081018700,14000US36081018700,81,3069,1148,56667,1756
36081018800,14000US36081018800,81,1449,156,,1392
36081018900,14000US36081018900,81,3136,1233,70283,1642
36081019000,14000US36081019000,81,2455,140,,1911
36081019200,14000US36081019200,81,1969,154,86250,1656
36081019400,14000US36081019400,81,2892,508,118158,1625
36081019600,14000US36081019600,81,3050,251,85833,1457
36081019800,14000US36081019800,81,2917,597,86827,1498
36081019900,14000US36081019900,81,697,145,11293,1438
36081020200,14000US36081020200,81,1762,311,90469,1507
36081020400,14000US36081020400,81,2350,460,43750,1655
36081020500,14000US36081020500,81,1176,140,94625,1565
36081020600,14000US36081020600,81,1855,401,73182,1404
36081020800,14000US36081020800,81,3136,289,,1426
36081021200,14000US36081021200,81,2434,102,94792,1345
36081021400,14000US36081021400,81,6984,3222,88750,1588
36081021600,14000US36081021600,81,4123,761,66625,1747
36081021900,14000US36081021900,81,0,0,,
36081022001,14000US36081022001,81,6272,1353,100455,1477
36081022002,14000US36081022002,81,7128,1354,60094,1791
36081022900,14000US36081022900,81,0,0,,
36081023000,14000US36081023000,81,2054,714,112321,1690
36081023200,14000US36081023200,81,5644,1892,74375,1599
36081023500,14000US36081023500,81,7766,2206,49719,1515
36081023600,14000US36081023600,81,3143,1314,85598,1714
36081023800,14000US36081023800,81,4516,1273,33750,1374
36081024000,14000US36081024000,81,6826,2101,49444,1492
36081024300,14000US36081024300,81,5088,1673,48092,1626
36081024500,14000US36081024500,81,4422,976,53553,1452
36081024600,14000US36081024600,81,0,0,,
36081024700,14000US36081024700,81,1466,745,77697,1649
36081024900,14000US36081024900,81,4838,2607,56172,1600
36081025100,14000US36081025100,81,5611,1595,48708,1401
36081025301,14000US36081025301,81,4386,1103,62813,1654
36081025302,14000US36081025302,81,3046,555,59643,1604
36081025400,14000US36081025400,81,10118,1132,37938,1002
36081025500,14000US36081025500,81,1524,589,57171,1708
36081025700,14000US36081025700,81,1500,642,86094,1590
36081025800,14000US36081025800,81,2261,54,96875,1821
36081025900,14000US36081025900,81,3486,1330,41970,1780
36081026000,14000US36081026000,81,2757,302,86563,1144
36081026100,14000US36081026100,81,6508,3036,45556,1482
36081026200,14000US36081026200,81,1270,69,,1523
36081026300,14000US36081026300,81,5857,3281,52778,1427
36081026400,14000US36081026400,81,2501,231,49219,1339
36081026500,14000US36081026500,81,3722,2491,54286,1553
36081026600,14000US36081026600,81,1745,104,,536
36081026700,14000US36081026700,81,5353,2480,61852,1440
36081026901,14000US36081026901,81,4965,1671,57457,1667
36081026902,14000US36081026902,81,3603,1767,41050,1421
36081027000,14000US36081027000,81,2190,84,,1767
36081027100,14000US36081027100,81,8428,3441,53424,1456
36081027200,14000US36081027200,81,1970,162,,1404
36081027300,14000US36081027300,81,7116,1124,58611,1479
36081027400,14000US36081027400,81,1718,95,,1411
36081027500,14000US36081027500,81,6820,600,,1488
36081027600,14000US36081027600,81,1342,59,,1375
36081027700,14000US36081027700,81,7747,1274,68421,1517
36081027800,14000US36081027800,81,2339,17,,737
36081027900,14000US36081027900,81,6220,743,,1376
36081028000,14000US36081028000,81,1670,0,,1300
36081028100,14000US36081028100,81,5013,717,,1531
36081028200,14000US36081028200,81,1894,87,,1707
36081028300,14000US36081028300,81,7508,1035,62512,1687
36081028400,14000US36081028400,81,4166,94,,1720
36081028500,14000US36081028500,81,4987,839,41719,1447
36081028700,14000US36081028700,81,6293,1656,66933,1403
36081028800,14000US36081028800,81,4616,564,81905,1686
36081028900,14000US36081028900,81,5158,1790,52026,1653
36081029100,14000US36081029100,81,6368,3735,57146,1479
36081029300,14000US36081029300,81,1090,799,63750,1573
36081029400,14000US36081029400,81,7000,377,,1594
36081029500,14000US36081029500,81,3602,1144,68604,1638
36081029700,14000US36081029700,81,2038,483,64338,1821
36081029900,14000US36081029900,81,0,0,,
36081030600,14000US36081030600,81,4760,172,76053,1590
36081030902,14000US36081030902,81,6590,2600,54565,1574
36081030903,14000US36081030903,81,5722,2216,84167,1766
36081030904,14000US36081030904,81,3179,789,80750,1443
36081031700,14000US36081031700,81,5568,346,67938,1691
36081032000,14000US36081032000,81,4930,104,,1747
36081032700,14000US36081032700,81,3702,968,76786,1599
36081032800,14000US36081032800,81,2769,131,,1513
36081032900,14000US36081032900,81,3244,910,91277,2058
36081033000,14000US36081033000,81,7192,43,,1749
36081033100,14000US36081033100,81,0,0,,
36081033401,14000US36081033401,81,3767,134,,1468
36081033402,14000US36081033402,81,12854,62,,1030
36081033700,14000US36081033700,81,2999,721,111691,1826
36081033900,14000US36081033900,81,2677,655,54500,1528
36081034700,14000US36081034700,81,2966,463,50104,1791
36081035100,14000US36081035100,81,3737,505,69028,1439
36081035200,14000US36081035200,81,2780,80,,1598
36081035300,14000US36081035300,81,2273,148,,1491
36081035700,14000US36081035700,81,3710,415,83229,1244
36081035800,14000US36081035800,81,4179,23,,1696
36081036100,14000US36081036100,81,2238,323,62333,1447
36081036300,14000US36081036300,81,1771,115,57656,1570
36081036500,14000US36081036500,81,2992,198,41667,1750
36081036600,14000US36081036600,81,2731,101,181058,1155
36081036700,14000US36081036700,81,2178,230,,1645
36081036800,14000US36081036800,81,2495,0,,1199
36081037100,14000US36081037100,81,1335,200,,1803
36081037300,14000US36081037300,81,2255,318,62250,1538
36081037500,14000US36081037500,81,4116,222,,1652
36081037600,14000US36081037600,81,6121,75,,1524
36081037700,14000US36081037700,81,3620,152,,1778
36081037900,14000US36081037900,81,6851,638,64053,1597
36081038100,14000US36081038100,81,7216,367,63295,1647
36081038301,14000US36081038301,81,0,0,,
36081038302,14000US36081038302,81,0,0,,
36081038400,14000US36081038400,81,2411,15,,1608
36081039400,14000US36081039400,81,2986,63,,1557
36081039800,14000US36081039800,81,1675,44,,1482
36081039900,14000US36081039900,81,3862,126,58462,1845
36081040000,14000US36081040000,81,1529,0,,1358
36081040100,14000US36081040100,81,7686,970,55500,1798
36081040200,14000US36081040200,81,1640,64,,1513
36081040300,14000US36081040300,81,7324,1118,54408,1757
36081040400,14000US36081040400,81,4138,279,52155,1363
36081040500,14000US36081040500,81,3377,359,56042,1723
36081040700,14000US36081040700,81,9109,361,29464,1655
36081040900,14000US36081040900,81,5560,386,,1727
36081041100,14000US36081041100,81,3775,765,69293,1788
36081041300,14000US36081041300,81,4696,957,43164,1715
36081041400,14000US36081041400,81,4551,274,,1394
36081041500,14000US36081041500,81,4358,464,49375,1611
36081042400,14000US36081042400,81,2414,37,,1608
36081042600,14000US36081042600,81,477,29,,
36081042700,14000US36081042700,81,4955,376,,1582
36081043200,14000US36081043200,81,1244,78,,1446
36081043400,14000US36081043400,81,1795,0,,1500
36081043701,14000US36081043701,81,2686,158,78125,1468
36081043702,14000US36081043702,81,7125,922,,1459
36081043900,14000US36081043900,81,3610,442,,1485
36081044000,14000US36081044000,81,3980,341,108125,1546
36081044301,14000US36081044301,81,3719,397,28224,931
36081044302,14000US36081044302,81,4076,1879,44306,1339
36081044400,14000US36081044400,81,3529,1097,78750,1461
36081044601,14000US36081044601,81,3361,562,54464,1351
36081044602,14000US36081044602,81,4961,2438,36771,1393
36081044800,14000US36081044800,81,2809,1443,65000,1589
36081045000,14000US36081045000,81,2167,1012,101250,1652
36081045200,14000US36081045200,81,1335,670,,1536
36081045400,14000US36081045400,81,4779,3201,70185,1701
36081045500,14000US36081045500,81,14284,2558,43177,1583
36081045600,14000US36081045600,81,1446,1062,92404,1631
36081045700,14000US36081045700,81,3281,2052,74856,1572
36081045800,14000US36081045800,81,2348,1480,71375,1485
36081045900,14000US36081045900,81,3719,1950,59958,1785
36081046000,14000US36081046000,81,6049,2801,43892,1408
36081046100,14000US36081046100,81,2464,862,56071,1766
36081046200,14000US36081046200,81,6907,2915,80046,1641
36081046300,14000US36081046300,81,3836,1414,64167,1720
36081046400,14000US36081046400,81,1999,661,115962,1791
36081046500,14000US36081046500,81,4172,1062,84286,1659
36081046600,14000US36081046600,81,3882,1578,61625,1705
36081046700,14000US36081046700,81,5895,1588,59215,1391
36081046800,14000US36081046800,81,3340,2238,78313,1459
36081046900,14000US36081046900,81,8207,2794,47148,1350
36081047000,14000US36081047000,81,3197,1604,56979,1471
36081047100,14000US36081047100,81,4320,3127,44768,1594
36081047200,14000US36081047200,81,3664,1256,65950,1543
36081047300,14000US36081047300,81,4328,3019,55384,1599
36081047500,14000US36081047500,81,4301,2572,61917,1809
36081047600,14000US36081047600,81,1419,593,177656,3501
36081047800,14000US36081047800,81,4925,1657,86809,1547
36081047900,14000US36081047900,81,5115,3523,52125,1552
36081048000,14000US36081048000,81,2293,937,74911,1617
36081048100,14000US36081048100,81,6434,3163,51172,1551
36081048200,14000US36081048200,81,1427,374,76500,1353
36081048300,14000US36081048300,81,3888,2359,58844,1736
36081048400,14000US36081048400,81,5140,1878,110750,1573
36081048500,14000US36081048500,81,4366,2890,69531,2018
36081048900,14000US36081048900,81,1610,736,62563,1642
36081049200,14000US36081049200,81,5444,1722,112163,1340
36081049301,14000US36081049301,81,2209,738,75417,1706
36081049302,14000US36081049302,81,3068,501,93750,1717
36081049500,14000US36081049500,81,1515,133,61071,1473
36081049600,14000US36081049600,81,3146,921,85192,1524
36081049700,14000US36081049700,81,3131,1190,82813,1651
36081049900,14000US36081049900,81,5260,3436,72303,1647
36081050000,14000US36081050000,81,4279,381,72955,1297
36081050201,14000US36081050201,81,1384,83,,2000
36081050202,14000US36081050202,81,1421,127,,1633
36081050400,14000US36081050400,81,1818,30,,1443
36081050500,14000US36081050500,81,1529,563,89286,1796
36081050600,14000US36081050600,81,1421,196,,1385
36081050700,14000US36081050700,81,4102,1299,,1856
36081050800,14000US36081050800,81,2008,52,,1257
36081051000,14000US36081051000,81,1816,52,,1642
36081051100,14000US36081051100,81,2290,252,,1602
36081051200,14000US36081051200,81,2512,149,,1435
36081051300,14000US36081051300,81,2439,389,76042,1952
36081051500,14000US36081051500,81,3446,275,,1789
36081051600,14000US36081051600,81,2183,0,,1172
36081051700,14000US36081051700,81,2007,80,84167,1588
36081051800,14000US36081051800,81,2181,7,,1649
36081052000,14000US36081052000,81,1410,5,,1829
36081052100,14000US36081052100,81,2253,138,52813,1547
36081052200,14000US36081052200,81,1760,58,,1825
36081052400,14000US36081052400,81,1988,41,,1391
36081052500,14000US36081052500,81,2543,140,117500,1537
36081052600,14000US36081052600,81,1933,45,,1452
36081052800,14000US36081052800,81,1434,19,,1275
36081053000,14000US36081053000,81,2473,0,,1674
36081053100,14000US36081053100,81,3417,189,51250,1446
36081053200,14000US36081053200,81,1996,1,,1914
36081053401,14000US36081053401,81,2125,0,,1125
36081053500,14000US36081053500,81,1432,0,,1707
36081053601,14000US36081053601,81,2099,94,,1674
36081053800,14000US36081053800,81,1781,75,,1231
36081053900,14000US36081053900,81,4433,844,95833,1630
36081054000,14000US36081054000,81,4290,236,99688,1583
36081054200,14000US36081054200,81,4737,1080,73958,1351
36081054500,14000US36081054500,81,4039,101,76406,1558
36081054700,14000US36081054700,81,5048,562,69732,1655
36081054800,14000US36081054800,81,2354,1301,100500,1676
36081054900,14000US36081054900,81,6437,915,78977,1645
36081055100,14000US36081055100,81,4244,471,37708,1589
36081055200,14000US36081055200,81,2955,532,62604,1443
36081055300,14000US36081055300,81,2786,458,32054,1622
36081055400,14000US36081055400,81,2530,1131,75903,1654
36081055500,14000US36081055500,81,2335,146,83250,1491
36081055600,14000US36081055600,81,2282,758,,1601
36081055700,14000US36081055700,81,4275,193,76917,1431
36081055800,14000US36081055800,81,1702,496,96576,2200
36081055900,14000US36081055900,81,1184,56,48636,1708
36081056000,14000US36081056000,81,1809,593,91750,1464
36081056100,14000US36081056100,81,17,8,,
36081056200,14000US36081056200,81,1631,455,,
36081056400,14000US36081056400,81,1178,295,131484,1451
36081056500,14000US36081056500,81,1569,39,,1904
36081056600,14000US36081056600,81,1316,382,,1396
36081056700,14000US36081056700,81,5175,176,,1753
36081056800,14000US36081056800,81,5039,411,138750,1509
36081057700,14000US36081057700,81,4169,67,,1335
36081057900,14000US36081057900,81,1643,62,,1573
36081058000,14000US36081058000,81,4140,59,,1343
36081058100,14000US36081058100,81,3048,73,,1498
36081058200,14000US36081058200,81,4838,171,,1362
36081058300,14000US36081058300,81,3736,334,90543,1724
36081058500,14000US36081058500,81,4464,512,103750,1666
36081058700,14000US36081058700,81,3550,83,157891,1618
36081058900,14000US36081058900,81,5296,160,41719,1477
36081059000,14000US36081059000,81,1466,30,,2150
36081059100,14000US36081059100,81,5736,150,,1479
36081059200,14000US36081059200,81,1516,0,,2174
36081059300,14000US36081059300,81,4217,255,79605,1612
36081059400,14000US36081059400,81,1768,5,,2696
36081059500,14000US36081059500,81,5533,217,,1605
36081059600,14000US36081059600,81,1272,1,,2125
36081059800,14000US36081059800,81,1798,0,,1452
36081059900,14000US36081059900,81,1255,78,66429,1772
36081060000,14000US36081060000,81,1102,4,,2103
36081060100,14000US36081060100,81,2324,76,,1667
36081060300,14000US36081060300,81,2095,81,239375,1543
36081060600,14000US36081060600,81,1351,0,,
36081060701,14000US36081060701,81,14,0,,
36081060800,14000US36081060800,81,1564,0,,1313
36081061000,14000US36081061000,81,1551,0,,
36081061200,14000US36081061200,81,2022,0,,
36081061301,14000US36081061301,81,5742,333,41290,1531
36081061302,14000US36081061302,81,0,0,,
36081061400,14000US36081061400,81,1414,32,,1454
36081061601,14000US36081061601,81,2145,14,,1900
36081061602,14000US36081061602,81,1118,42,,1079
36081061800,14000US36081061800,81,1796,19,,1240
36081061900,14000US36081061900,81,2683,81,95893,1408
36081062000,14000US36081062000,81,1431,0,,1833
36081062100,14000US36081062100,81,2896,73,101563,1621
36081062200,14000US36081062200,81,2083,13,,1218
36081062300,14000US36081062300,81,2246,16,,1423
36081062400,14000US36081062400,81,0,0,,
36081062500,14000US36081062500,81,2692,8,,1579
36081062600,14000US36081062600,81,2805,8,,1803
36081062700,14000US36081062700,81,2944,41,,1607
36081062900,14000US36081062900,81,3034,252,,1447
36081063000,14000US36081063000,81,1503,21,,2033
36081063200,14000US36081063200,81,2601,0,,1693
36081063301,14000US36081063301,81,1704,59,,1477
36081063302,14000US36081063302,81,1475,5,,1750
36081063500,14000US36081063500,81,2551,57,,1766
36081063700,14000US36081063700,81,3432,204,165433,1801
36081063800,14000US36081063800,81,3516,24,,1629
36081063900,14000US36081063900,81,3043,307,191591,1421
36081064101,14000US36081064101,81,2388,368,67105,1316
36081064102,14000US36081064102,81,0,0,,
36081064500,14000US36081064500,81,1927,337,120156,1662
36081064600,14000US36081064600,81,2976,29,,1603
36081065000,14000US36081065000,81,2742,0,,1654
36081065400,14000US36081065400,81,3782,104,,1724
36081065501,14000US36081065501,81,0,0,,
36081065600,14000US36081065600,81,4966,107,,1780
36081065702,14000US36081065702,81,1802,36,,1571
36081065703,14000US36081065703,81,2746,94,,1551
36081065900,14000US36081065900,81,1884,160,65000,1791
36081066000,14000US36081066000,81,3318,79,,1796
36081066100,14000US36081066100,81,1647,27,,1732
36081066300,14000US36081066300,81,2771,456,124464,2065
36081066400,14000US36081066400,81,9980,282,,1859
36081066501,14000US36081066501,81,4149,75,,1639
36081066701,14000US36081066701,81,2800,82,250001,1557
36081066900,14000US36081066900,81,1642,107,60909,1719
36081067100,14000US36081067100,81,2455,649,132750,2250
36081067700,14000US36081067700,81,1883,254,85268,1826
36081067900,14000US36081067900,81,4344,310,,1393
36081068000,14000US36081068000,81,5299,50,,1726
36081068200,14000US36081068200,81,994,24,,1379
36081068300,14000US36081068300,81,3970,1638,54783,1467
36081068700,14000US36081068700,81,4188,1695,58438,1518
36081069000,14000US36081069000,81,3752,20,,1930
36081069300,14000US36081069300,81,3151,1124,52288,1680
36081069400,14000US36081069400,81,3455,64,,1802
36081069500,14000US36081069500,81,2211,766,87981,1629
36081069701,14000US36081069701,81,4322,1249,95417,1676
36081069702,14000US36081069702,81,3518,1528,86159,1846
36081070300,14000US36081070300,81,2103,591,80000,1711
36081070700,14000US36081070700,81,2547,821,98162,1414
36081070900,14000US36081070900,81,2869,1039,114875,1876
36081071100,14000US36081071100,81,6448,1787,96484,1761
36081071303,14000US36081071303,81,5431,1021,118306,1761
36081071304,14000US36081071304,81,6054,1591,89531,1698
36081071305,14000US36081071305,81,4862,1351,91308,2143
36081071306,14000US36081071306,81,6361,1672,84143,1760
36081071600,14000US36081071600,81,0,0,,
36081071701,14000US36081071701,81,4805,1698,61328,1578
36081071702,14000US36081071702,81,3915,1816,74836,1569
36081071900,14000US36081071900,81,2438,648,,1598
36081072100,14000US36081072100,81,4579,960,,1324
36081072300,14000US36081072300,81,2050,673,128269,2917
36081072900,14000US36081072900,81,1437,575,154044,1446
36081073100,14000US36081073100,81,1507,468,95592,1833
36081073700,14000US36081073700,81,1930,566,112857,1777
36081073900,14000US36081073900,81,5425,1692,105368,1858
36081074100,14000US36081074100,81,3060,727,107935,1689
36081074300,14000US36081074300,81,4082,1064,96932,1330
36081074500,14000US36081074500,81,4014,665,74648,1369
36081074700,14000US36081074700,81,3705,1580,85343,1588
36081074900,14000US36081074900,81,1429,307,102361,2823
36081075701,14000US36081075701,81,5022,1827,106033,1853
36081075702,14000US36081075702,81,4898,1758,87143,1807
36081076901,14000US36081076901,81,4407,1163,111786,1822
36081076902,14000US36081076902,81,1186,352,65893,1785
36081077300,14000US36081077300,81,2093,328,129000,1383
36081077500,14000US36081077500,81,2234,162,,1458
36081077902,14000US36081077902,81,4829,554,30648,1811
36081077903,14000US36081077903,81,3166,467,101667,1419
36081077904,14000US36081077904,81,5781,1650,55116,1698
36081077905,14000US36081077905,81,2626,452,101875,1543
36081077906,14000US36081077906,81,3388,1334,51042,1331
36081077907,14000US36081077907,81,3500,100,,1698
36081077908,14000US36081077908,81,3760,673,65893,1587
36081078800,14000US36081078800,81,1865,56,,1692
36081079000,14000US36081079000,81,2633,227,112500,1502
36081079200,14000US36081079200,81,2414,462,81938,1543
36081079300,14000US36081079300,81,0,0,,
36081079701,14000US36081079701,81,6676,5304,32982,1411
36081079702,14000US36081079702,81,4502,3532,38315,1534
36081079900,14000US36081079900,81,3101,2206,48083,1548
36081080301,14000US36081080301,81,3859,2413,51576,1593
36081080302,14000US36081080302,81,3476,2278,62264,1440
36081080900,14000US36081080900,81,7240,2335,50932,1260
36081081400,14000US36081081400,81,4117,1203,96927,1738
36081081800,14000US36081081800,81,3909,1006,63750,1861
36081083700,14000US36081083700,81,5283,4336,55333,1496
36081083800,14000US36081083800,81,5260,2099,99184,1576
36081084000,14000US36081084000,81,6027,2300,72059,1783
36081084500,14000US36081084500,81,4863,2902,36339,1137
36081084601,14000US36081084601,81,3268,1280,116250,1567
36081084602,14000US36081084602,81,925,261,,2168
36081084900,14000US36081084900,81,6909,5012,30236,1585
36081085300,14000US36081085300,81,5563,5096,34277,1615
36081085500,14000US36081085500,81,6772,4224,36574,1332
36081085700,14000US36081085700,81,5171,3996,39464,1394
36081085900,14000US36081085900,81,5492,3959,44730,1443
36081086100,14000US36081086100,81,2032,1476,42578,1281
36081086300,14000US36081086300,81,6613,4539,32838,1547
36081086400,14000US36081086400,81,2727,892,80250,1656
36081086500,14000US36081086500,81,4311,3441,32156,1617
36081086900,14000US36081086900,81,1771,1617,30455,1774
36081087100,14000US36081087100,81,2643,1402,64931,1075
36081088400,14000US36081088400,81,8345,96,,1670
36081088901,14000US36081088901,81,9626,6381,44167,1425
36081089200,14000US36081089200,81,7916,239,,1750
36081090700,14000US36081090700,81,1434,582,,1793
36081091601,14000US36081091601,81,3674,24,,741
36081091602,14000US36081091602,81,0,0,,
36081091800,14000US36081091800,81,11,0,,
36081091900,14000US36081091900,81,5309,1927,51574,1604
36081092200,14000US36081092200,81,2020,43,,2125
36081092500,14000US36081092500,81,3470,1224,64583,1630
36081092800,14000US36081092800,81,3594,52,238750,1777
36081092900,14000US36081092900,81,7036,2177,58375,1662
36081093401,14000US36081093401,81,3734,80,,1743
36081093402,14000US36081093402,81,4403,274,56875,1401
36081093800,14000US36081093800,81,5023,171,,1347
36081093900,14000US36081093900,81,5299,1759,82167,1881
36081094201,14000US36081094201,81,3236,41,,1227
36081094202,14000US36081094202,81,4806,292,34205,797
36081094203,14000US36081094203,81,6602,154,37105,942
36081094500,14000US36081094500,81,3654,913,94205,1990
36081094700,14000US36081094700,81,2202,307,,1662
36081095400,14000US36081095400,81,6045,315,141328,1746
36081096400,14000US36081096400,81,6573,591,101923,1395
36081097202,14000US36081097202,81,3060,6,,1148
36081097203,14000US36081097203,81,7356,457,,578
36081097204,14000US36081097204,81,3884,128,,729
36081097300,14000US36081097300,81,1763,170,63864,1764
36081098100,14000US36081098100,81,2236,524,88500,1689
36081098700,14000US36081098700,81,2434,233,44044,1579
36081099100,14000US36081099100,81,7204,1004,142783,1713
36081099200,14000US36081099200,81,4339,79,11563,920
36081099701,14000US36081099701,81,2922,653,114074,2382
36081099703,14000US36081099703,81,3746,1536,92083,2105
36081099704,14000US36081099704,81,6847,1731,76103,2038
36081099705,14000US36081099705,81,2470,1165,129948,2367
36081099801,14000US36081099801,81,8592,247,,1490
36081099802,14000US36081099802,81,6422,221,26199,1212
36081099900,14000US36081099900,81,0,0,,
36081100801,14000US36081100801,81,2525,112,,1738
36081100802,14000US36081100802,81,8976,428,44968,1417
36081101001,14000US36081101001,81,12253,226,,1059
36081101002,14000US36081101002,81,4359,116,,1111
36081101700,14000US36081101700,81,6005,1700,144196,1574
36081102900,14000US36081102900,81,3598,493,64375,1888
36081103201,14000US36081103201,81,6509,399,,1266
36081103202,14000US36081103202,81,8121,84,,1731
36081103300,14000US36081103300,81,4577,1448,72125,1759
36081103900,14000US36081103900,81,6283,2305,66349,1775
36081104700,14000US36081104700,81,6755,3831,58906,1860
36081105900,14000US36081105900,81,3907,1442,100850,1853
36081107201,14000US36081107201,81,2320,116,,1545
36081107202,14000US36081107202,81,0,0,,
36081108500,14000US36081108500,81,2337,929,66042,1668
36081109300,14000US36081109300,81,2937,1406,127750,1611
36081109700,14000US36081109700,81,1598,517,107708,2054
36081109900,14000US36081109900,81,3058,1619,54926,1499
36081111300,14000US36081111300,81,2526,889,108864,2288
36081112300,14000US36081112300,81,2058,727,76042,1961
36081112900,14000US36081112900,81,2085,652,79861,1963
36081113300,14000US36081113300,81,1603,389,105568,1809
36081113900,14000US36081113900,81,3356,1346,44327,1749
36081114100,14000US36081114100,81,2362,1075,93000,2565
36081114700,14000US36081114700,81,1726,735,106290,2069
36081115100,14000US36081115100,81,915,256,61667,1616
36081115500,14000US36081115500,81,2150,972,48859,1568
36081115700,14000US36081115700,81,3207,2180,43015,1508
36081115900,14000US36081115900,81,4256,3102,52016,1572
36081116100,14000US36081116100,81,4301,3233,25167,1518
36081116300,14000US36081116300,81,9346,5861,31711,1502
36081116700,14000US36081116700,81,1676,1250,30385,1662
36081117100,14000US36081117100,81,2359,1141,52813,1597
36081117500,14000US36081117500,81,4830,2405,58924,1550
36081118100,14000US36081118100,81,1530,725,64815,1730
36081118500,14000US36081118500,81,1978,1164,46250,1658
36081118700,14000US36081118700,81,2484,1549,45299,1486
36081118900,14000US36081118900,81,2050,1402,58036,1555
36081119100,14000US36081119100,81,2985,1684,38947,1664
36081119300,14000US36081119300,81,1978,1361,49135,1743
36081119500,14000US36081119500,81,1453,504,,1839
36081119900,14000US36081119900,81,1517,1067,56250,1453
36081120100,14000US36081120100,81,1559,1129,76528,1730
36081120300,14000US36081120300,81,1573,1224,58831,1519
36081120500,14000US36081120500,81,2568,2090,24010,1041
36081120700,14000US36081120700,81,3097,1687,75714,1610
36081121100,14000US36081121100,81,0,0,,
36081121500,14000US36081121500,81,4447,2693,102100,1378
36081122300,14000US36081122300,81,3438,1745,69896,1589
36081122701,14000US36081122701,81,11356,3135,68281,1289
36081122702,14000US36081122702,81,7519,1055,,610
36081124100,14000US36081124100,81,3666,1809,76979,1617
36081124700,14000US36081124700,81,3508,1861,55800,1951
36081125700,14000US36081125700,81,3248,1502,53860,1704
36081126500,14000US36081126500,81,1743,766,100000,1306
36081126700,14000US36081126700,81,4716,1138,132321,1625
36081127700,14000US36081127700,81,3615,436,125625,3501
36081128300,14000US36081128300,81,0,0,,
36081129102,14000US36081129102,81,3912,1036,117778,3501
36081129103,14000US36081129103,81,3887,1132,68438,1709
36081129104,14000US36081129104,81,4455,1666,110000,1088
36081130100,14000US36081130100,81,4204,807,74868,1335
36081133300,14000US36081133300,81,3896,1668,74881,1966
36081133900,14000US36081133900,81,1302,336,148000,
36081134100,14000US36081134100,81,3358,1695,75385,1740
36081134700,14000US36081134700,81,10944,5600,73018,1827
36081136700,14000US36081136700,81,5846,2748,76016,1974
36081137700,14000US36081137700,81,7123,3812,69463,1773
36081138501,14000US36081138501,81,4617,2807,93024,2102
36081138502,14000US36081138502,81,39,0,,
36081139900,14000US36081139900,81,1666,1030,92813,2156
36081140300,14000US36081140300,81,2344,1437,78235,1904
36081140901,14000US36081140901,81,990,597,90750,1370
36081140902,14000US36081140902,81,2787,1912,79922,1782
36081141700,14000US36081141700,81,4871,2792,63102,2061
36081142900,14000US36081142900,81,3760,1793,65161,1992
36081143500,14000US36081143500,81,2452,1433,97409,2125
36081144100,14000US36081144100,81,2662,1270,121964,1829
36081144700,14000US36081144700,81,3109,1773,79922,1878
36081145101,14000US36081145101,81,1127,512,72875,1989
36081145102,14000US36081145102,81,2464,1578,95726,2088
36081145900,14000US36081145900,81,2809,1177,64943,1850
36081146300,14000US36081146300,81,2979,1203,70405,1492
36081146700,14000US36081146700,81,2619,1079,78750,1780
36081147100,14000US36081147100,81,3231,1418,103500,1894
36081147900,14000US36081147900,81,4526,1582,58798,2103
36081148300,14000US36081148300,81,2900,872,111000,2429
36081150701,14000US36081150701,81,3036,984,150313,2170
36081150702,14000US36081150702,81,3067,950,99861,1796
36081152901,14000US36081152901,81,6916,3374,101349,2036
36081152902,14000US36081152902,81,4955,2274,100347,2086
36081155101,14000US36081155101,81,1759,42,,
36081155102,14000US36081155102,81,8929,2783,123393,1636
36081156700,14000US36081156700,81,1614,610,65833,1463
36081157101,14000US36081157101,81,8406,4368,127266,1887
36081157102,14000US36081157102,81,2294,1425,103239,1852
36081157901,14000US36081157901,81,5073,2592,130800,1434
36081157902,14000US36081157902,81,4129,2242,108214,2837
36081157903,14000US36081157903,81,4741,2712,100338,1643
36081161700,14000US36081161700,81,4762,1419,117317,2261
36081162100,14000US36081162100,81,6363,2519,97188,1584
36081990100,14000US36081990100,81,0,0,,